protocol,scenario,architecture,needs_p10,needs_median,needs_p90,ecology_p10,ecology_median,ecology_p90,rights_p10,rights_median,rights_p90,democracy_p10,democracy_median,democracy_p90,recovery_p10,recovery_median,recovery_p90,administrative_burden_p10,administrative_burden_median,administrative_burden_p90,capture_p10,capture_median,capture_p90,coercive_concentration_p10,coercive_concentration_median,coercive_concentration_p90,joint_pass_rate,catastrophic_rate
base,water_coordination,cct_v08,90.05641353824447,94.86599081443704,99.36640726926532,89.12196748693712,93.8131268079551,97.76076283326627,89.3796963471502,93.74309067305731,97.74137442283853,88.38127858209415,93.17132224598512,97.30260684727016,86.35136035162758,90.18772894654504,93.85429468839973,14.207108187374319,21.457632760038067,30.069778503959068,1.5239913958482045,5.77933986402031,10.48769849192184,0.532918804364748,4.314993884744888,8.489415144590762,1.0,0.0
base,water_coordination,cct_v01,66.48605410905951,72.5812781269448,78.27643712214557,85.19677749473513,90.18350597417026,94.1714664953064,83.32723641543625,88.01115132009288,92.24186308901157,84.85381155867704,89.32396043318131,93.34840037318548,72.61151892367693,76.9145157407919,81.23430049284752,48.22574795001042,58.09558211050915,67.03200291321669,3.902922711354953,8.626726968660577,14.117444876552698,0.585016343839073,3.945690234043714,7.844349279051609,0.9395,0.0
base,water_coordination,central_state,88.26603166356132,93.10393393222768,97.5503897178729,80.3972719640767,86.4679183080456,91.85031921752345,68.92601317516596,75.30157796319317,81.32789782464867,66.67379838883714,73.0257817823044,79.45002014133168,78.88658063000234,83.04088899532118,87.2727014278973,15.809283940008626,23.770906052480978,32.54724072931597,14.355895897874372,19.733906816457786,25.43160634990845,13.433481151016442,18.993448931273022,24.529957427313153,0.974,0.0
base,water_coordination,market_federation,88.77691796869856,93.5315064974501,97.86830650158966,69.12381882315681,75.50032004890801,82.03033582921597,78.38724684816258,83.89843343009679,89.0353130586241,77.27407575424341,83.13730998484291,88.55751019295663,80.34179324998698,84.5971588448867,88.55010664040812,14.193952105698543,21.542610623727516,30.023326849009663,8.795166428774134,13.850397571746004,19.469119309832934,6.642529082274235,11.481376755463568,16.930382108814705,0.982,0.0
base,administrative_capture,cct_v08,91.56140707241342,94.77878019057351,97.7699738357287,91.03473057433533,94.76586622522007,98.18750723964901,88.90390588727041,92.52935811130618,95.89037365008498,86.54854860584295,90.53093098730736,94.2404770788509,100.0,100.0,100.0,6.104826105524975,10.54202282289811,15.546133258672166,5.581901579160682,9.763540550573293,14.309015312278941,0.6284721338298389,4.244260084985212,8.431281496183551,1.0,0.0
base,administrative_capture,cct_v01,82.98995281980883,86.44641968671453,89.85285177960962,86.70552837568962,90.51194640371679,94.1102296749667,76.59321944279891,80.87164298154977,84.5503581470968,70.72283410584072,75.33865100888039,80.08520056863986,98.40906543408094,100.0,100.0,22.6956137625892,28.248767073806285,33.87258678290933,19.577478966642776,24.569317604196787,30.25194804380616,2.6793449470716193,6.548907098796447,10.765526730573646,1.0,0.0
base,administrative_capture,central_state,81.23824432394154,84.74600439377889,88.11822391436024,77.48555170952037,82.45276220734372,86.83401774311847,71.91143025981631,76.32474703464337,80.56138019599268,64.19297045745914,69.31767638070907,74.32773665467879,89.17686413310095,93.80603745835239,98.29392692405511,7.149238383770334,11.718330368931593,16.352970074234623,33.066604133000894,38.72175573155259,44.89929320231692,10.581896566998074,15.090920157034382,19.994633127096616,0.987,0.0
base,administrative_capture,market_federation,84.23436730870905,87.98321652610812,91.35891251363618,72.85040768387336,78.01359009263585,82.64365967502107,77.20210658202276,81.44988864622357,85.62775122967531,70.84499317515852,76.00486821097226,80.76721686499604,97.93874090554004,100.0,100.0,5.986476491645016,10.496265610069361,15.45734939163325,23.910702581253844,29.796706641538343,36.15271659310798,6.30237934023205,10.510937052420061,14.973542228271048,0.999,0.0
base,planning_gaming,cct_v08,75.26789901765925,81.17412182034325,86.4902057616926,89.56336725927953,94.43957169622455,98.34553447804655,90.9165625119675,94.48205134950999,97.77759888122523,90.05766423908085,93.91334179891778,97.59300360808464,83.4294387509632,88.14963411124835,92.43645115079184,5.679078981530216,10.730180994452727,17.048448980191996,2.921591915093002,7.678977398995925,13.56783528002466,0.0,2.9433678765271343,6.351293864067895,0.999,0.0
base,planning_gaming,cct_v01,50.10002798358553,57.30427039674896,64.15855802406239,87.6240123265167,92.4830521641133,96.69034544021875,81.91583840521471,86.09586055751586,89.78270283726408,84.3935118516544,88.7087178953143,92.97784979879088,65.78884108962767,71.45693316815489,76.84499584485737,24.431277281464137,30.92578704810372,37.111585186013365,11.425492550280806,18.21765908291318,26.191803951182237,0.9140479049935506,4.482097647005297,7.943776373575668,0.069,0.0
base,planning_gaming,central_state,47.65104468900981,54.484566012880464,61.37788474528876,76.30448730818897,83.02901771766054,88.43365518359187,84.35429942333822,87.90537497500776,91.35931813595448,73.5066326329322,78.2649658712115,83.19866245148413,72.42479842361583,77.70115401256345,82.50077850130212,13.069575298499219,18.852314870875205,25.32072462280831,22.702949966528188,30.71282989680403,38.390881992627186,6.149921513501246,9.82283751012682,13.680038867142258,0.023,0.005
base,planning_gaming,market_federation,60.447399722082736,67.49456863837953,74.17921218206463,62.73964697692865,70.00564427780841,77.7479813551898,82.93490827905454,87.72477196739662,91.98282310816214,80.47015842058134,84.82956200309692,89.12548277475898,78.61101144649497,83.38322092463412,88.29578865111742,6.356921109811778,11.152591585673274,16.61300182200152,14.466316793340768,21.351915337288535,28.619275807693658,3.5910540680129843,6.966092661699037,10.656403501679803,0.559,0.0
base,local_tyranny,cct_v08,95.00230864091124,97.83218515954725,100.0,94.83055110936637,98.10317911742142,100.0,86.45785252154086,91.14508437838312,95.30545870965052,90.23186072692826,93.88822328950162,97.39928956534742,87.7255396171419,92.07943007934125,95.84444776320241,3.357023647515603,7.625892127609278,13.083594908180313,4.003146612709351,7.918131003001099,12.290549593289228,0.0,0.9676201003465611,4.035843802406612,1.0,0.0
base,local_tyranny,cct_v01,91.93510175720505,95.10164211192108,98.1423438932816,94.73831321482945,98.018330453253,100.0,73.46682255897231,79.2920908964093,84.37764793293904,81.4969383942232,85.75013508503176,89.79103245878898,70.90666382973185,75.70405463497293,80.38676294295516,16.988300243796573,22.614443914278155,28.259995780837812,14.196218590768492,19.3146232650779,25.08590226376996,0.0,1.4181147249324662,4.498405750227929,0.999,0.0
base,local_tyranny,central_state,92.77273866716511,95.75128908170731,98.76507514748322,91.2032586739831,94.92655818966668,98.31258880237714,73.16381533331554,78.77285432525042,83.98220025055882,80.56647834745235,84.95677478198131,89.12453660806787,75.81546906258839,80.5451292019528,85.12805449221527,5.766450226787417,10.856449222748857,16.548386797307792,2.8182856748483713,7.113386597816161,12.238612326913227,9.277632588551207,13.973864561046401,19.073298456390262,0.999,0.0
base,local_tyranny,market_federation,91.51827213208679,94.55095974760806,97.64030950221067,85.96161402738063,89.72676851584275,93.61275784792838,70.78405558843028,76.95649780515491,82.31981750908726,79.68170738508499,84.03681443215878,88.45473716098036,83.03870673338845,87.67122932977051,91.89630317811611,1.5258151789224559,5.519160592567724,10.430996911140582,15.750880241205776,21.19132212526055,26.863810550032877,0.0,2.060389457886267,5.303197119369576,0.991,0.0
base,external_attack,cct_v08,74.30448519081064,80.11988698196483,85.64585147128804,88.93130863206498,92.8000543325501,96.32710308181358,84.73299024857354,90.17328045869442,94.46070940561152,86.7606161711787,92.435776923696,96.88037794281932,84.67434697310311,89.40524715444278,93.80962507818512,3.0393117196947843,7.300477704345672,12.42249105182528,1.0150508864116883,5.081889364557252,9.499277157663592,1.1121330255740438,5.391633873014584,10.724776154087795,0.999,0.0
base,external_attack,cct_v01,51.16812825009159,58.01651364497113,64.40357084023734,83.27341033505691,87.05957607982177,90.84993782191172,80.03565763665989,84.66569597118797,88.5971831849309,85.61749549785091,90.67043451830439,95.09976266814424,70.68515335528916,76.3256660727956,81.61881720721952,12.933139366327007,18.569695627313813,24.06914407980611,6.114392120529828,11.083500406133691,16.05186562046759,1.6811745519759351,5.714721785088226,10.483969787855862,0.0865,0.0005
base,external_attack,central_state,66.09406358566804,72.10114355503843,77.6145000915551,84.24271434166252,88.6468283635758,92.61427940644037,54.41953661163452,62.97982844808492,71.30664420370142,52.65782304082438,61.04152230307644,69.37445480817314,61.99632026457801,67.85613029170074,73.40949935633796,1.7530934188250384,6.064127281454129,10.646296580463508,13.352104647197585,18.559055512295444,23.43181411012062,23.646615631749754,32.1790155636817,40.676752918066,0.3375,0.0015
base,external_attack,market_federation,61.8637969635031,68.30808950983283,74.52794393615142,75.25418703115471,79.95311802257278,84.84728405617548,74.16632589357857,80.43464998604483,85.9874343738012,75.16355014623119,81.76293395136605,87.7099813625817,74.46539218000956,80.16095669605417,85.24013717975386,4.754666894071883,9.553122443448114,14.714043973616894,9.243755025609518,14.38392700950601,19.569736951264133,6.774271727794983,12.493213760876982,19.190380098683544,0.7475,0.0
base,transition_sabotage,cct_v08,70.67244343225231,77.39662572387756,83.21365444492996,88.91338442311442,93.44063770284251,97.28069598164012,87.18888329120934,91.6699484576742,95.65785599102358,85.41737539270517,90.70981665566671,95.03972594861676,81.839310407153,87.10843362178453,91.5021865484817,4.746474946970407,9.873413827944368,15.570388740811143,4.100906095782592,8.28491149826176,13.530040973188205,1.0541022798235442,4.7822874577498435,9.175846592490442,0.991,0.0
base,transition_sabotage,cct_v01,44.17606554063983,51.59551431091856,59.31661775070113,84.85340979498972,89.8932359421544,93.94035713854409,80.61316164025078,85.33719975330894,89.6713441821924,76.00964674017804,81.42943710678333,86.48781243373199,61.96744398107154,68.36999250487646,73.92007679884946,18.42671475541351,24.9819820684706,31.62116879204891,8.987028730434869,13.782789195279012,19.299464293481,2.2809523476601687,6.179736768193381,10.484178375721212,0.0085,0.0205
base,transition_sabotage,central_state,67.29153356471193,73.7311531554339,79.76323929707023,79.48138021270988,85.45105897280155,91.00874138315466,68.58535760949518,74.62037159988539,80.92192964311111,59.55502213945647,66.67973534875546,73.5860168624752,64.48928978022568,70.27548904204377,76.34933620105531,2.8123080135552403,7.728268056552135,13.585535037465123,9.025744973382833,14.684821887292925,20.336980133731284,14.097575560510913,20.173934904858978,26.314158654280586,0.8295,0.0
base,transition_sabotage,market_federation,43.26280383955425,50.530866294596706,57.32548161467324,67.39282650974707,73.63810830087857,80.08782356005092,87.45625003360134,91.140623699631,94.61132066259319,85.03600047797974,89.47486518286543,93.67963162162293,70.25317184448474,76.22213140480284,81.77496824356852,6.789438382420406,12.677239457002738,19.0520476282435,28.274218601493914,34.16398562547603,40.040397754463264,0.0,2.7661279406552293,6.316665151824973,0.003,0.033
base,institutional_complexity,cct_v08,90.348473547596,93.7846002833721,97.23002081605604,93.04181589699802,96.24564283699762,99.35537186894332,84.00074934001313,88.44426488343575,92.43867557122826,80.73939024529659,85.8786084090251,90.61463586394413,100.0,100.0,100.0,9.854872785381392,14.584254114895833,20.209681837010596,5.294718041458875,9.18985471628602,13.386715213296045,0.0,3.088891842166259,6.476889100399249,1.0,0.0
base,institutional_complexity,cct_v01,78.35740321156604,82.43420798030381,86.33848280977028,89.14795221390868,92.38318890721939,95.56431386470584,61.341353930988575,66.65682744776126,72.30588436528637,52.94088469479665,59.38217924898625,65.48710103533278,87.86074370966993,92.61171031425137,97.64077204971852,34.928875751166586,42.207169265395656,48.8415943418048,23.335267748687443,28.133950324709204,32.89459759614994,1.0204266652648262,4.447651211674742,8.058477299905684,0.4195,0.0
base,institutional_complexity,central_state,86.61085101776017,90.18778615369325,93.48903711315923,88.63206468941588,92.04433577777161,95.4828865538877,74.09574144255863,78.73831956724348,83.44640999372687,68.10108421016439,73.418061368956,78.40325280398564,94.02248372246375,98.36176681492917,100.0,18.084688486362854,23.507557554222906,29.20996842208927,20.71314948186177,25.37711661288336,29.99301946641545,6.574167956441962,10.408706503476342,14.319954190992473,0.9995,0.0
base,institutional_complexity,market_federation,88.86202629919794,92.38481437150318,95.70486657808186,84.4669365026661,88.21455122100457,91.95205666769255,80.03253419298375,84.33575030414585,88.70871739203075,75.12312135267226,80.53106842015927,85.50356405218145,100.0,100.0,100.0,12.469015707432513,17.78678439419403,23.37359624282587,13.101593744410579,17.535510070099512,21.981668322283177,3.811397998715332,7.208986159109645,10.883760760015615,1.0,0.0
broad_uncertainty,water_coordination,cct_v08,87.4846386309297,95.0714002948113,100.0,87.5001366038606,94.64378581140343,98.84975495318052,87.54484947046761,94.18125118943611,99.06176061711363,86.80461451814195,93.88193408619435,98.6609487671033,84.64878653090587,90.212962556278,94.83601004808725,9.615741743230902,20.727036703442394,35.217153987161595,0.0,5.047178408151938,12.926889545943336,0.0,3.7789477322524156,9.771159403029715,1.0,0.0
broad_uncertainty,water_coordination,cct_v01,63.56790689092464,72.78588979548908,81.43953063062116,83.08127036862979,90.67006701936288,95.17854390256103,81.55561700962147,88.11688072828925,93.70406238495762,83.19573537379057,89.77172707783426,94.68240486028098,71.17230544100147,77.12952818911815,83.06651922742898,42.22733089890613,58.50264500142556,72.97688782051685,2.1852393145873856,8.09478300609161,16.26995093895138,0.0,3.75820932307869,8.93912905246644,0.8625,0.0
broad_uncertainty,water_coordination,central_state,86.31282761311459,93.17940989869945,99.69589299030903,77.75164890532378,87.14670562118391,94.399473196323,65.18150060199909,74.94624592356661,84.28546952054919,62.868796841107,72.55470763198886,82.83524206651424,77.73043941341498,83.54418575087043,88.99871076302499,10.82340339239249,22.51988365131775,37.61348150083472,11.286256415402441,19.985092535816726,28.39486912863929,10.46587040356746,19.14528801737538,28.092990233414536,0.89,0.0
broad_uncertainty,water_coordination,market_federation,86.02009237325049,93.25303707738426,100.0,65.24596811871086,75.5935470079273,85.6098783643559,75.24421094734815,84.12162573286494,91.27402356852693,74.0649908001059,83.34301520423175,91.14530991425747,78.61329913312144,84.34947899014978,89.83748387226325,10.343568099990321,20.911970741684517,35.521496169790545,6.350366456242535,14.094331085477899,22.594858319811852,4.537542728384767,11.150836591565216,19.295669714934117,0.902,0.0
broad_uncertainty,administrative_capture,cct_v08,91.1042389788946,94.79028259587736,98.27496416349942,89.48235341153521,94.7409772899664,98.99927061522192,88.06824494240406,92.3375724108414,96.61379598982225,84.93263763507261,90.41547666952651,95.24967142894579,100.0,100.0,100.0,4.088220139562542,10.21822911316676,17.608754879478678,4.12761226644333,9.758665055188697,16.376966824410527,0.0,3.860888820038803,9.906703235692168,1.0,0.0
broad_uncertainty,administrative_capture,cct_v01,82.32093041007096,86.68172725221736,90.53870411432342,85.42016794557921,90.92076123856071,95.09662640329176,75.65159576102128,80.89429772838483,86.02142677174645,69.09259802724064,75.53362238302878,81.98939179386629,96.54053297309468,100.0,100.0,19.715028150676964,27.972368050706933,36.02738324366681,16.936159268434587,24.1927414133037,32.508762146174156,1.2027667274882525,6.292691408978545,12.870640944493955,0.9975,0.0
broad_uncertainty,administrative_capture,central_state,80.46532950623025,84.69630850399415,88.71524346481172,75.62344105881147,82.36695788437042,88.2008415028718,70.8222944362226,76.52859024330483,81.85512082166694,62.38657167643799,69.09325408478196,75.87158488741672,87.52302157646875,94.07591529180063,100.0,5.033677919015946,11.331999616556807,18.596860902949977,30.054637303513754,38.84094336287276,47.24346934728884,8.322787118839782,15.188508841283305,22.411372817269026,0.959,0.0
broad_uncertainty,administrative_capture,market_federation,83.59286606566157,87.771533774323,92.27966912314538,70.75329350743745,77.71932110630418,84.69758139332555,75.66284066758813,81.40995355429567,87.04718977003718,68.684450173708,75.81244967194272,83.27189966411777,95.68910379576391,100.0,100.0,4.340060372093694,10.397869090198293,17.73679212922726,20.86103909512388,29.931839526273986,39.37399442863854,4.155473526184226,10.42368403037932,17.583013303437188,0.99,0.0
broad_uncertainty,planning_gaming,cct_v08,72.42620880409093,81.61257524137417,89.3810575172142,88.41530252528479,95.35732652185551,99.85993154135046,90.31827618617405,94.79039192995748,98.37520531554375,89.0510086893942,94.39651668007767,98.99753584725627,81.14669186800684,88.12968004822824,94.03422742382287,3.558554568889238,10.521599397384112,20.34264556378784,0.8151461041271075,6.544168121484157,16.437290930282245,0.0,2.709012090222351,7.014472164282054,0.9855,0.0
broad_uncertainty,planning_gaming,cct_v01,46.179635437462885,57.59310751628591,67.16952901441434,85.32589834165925,93.0294811313425,97.86863215871658,80.65457957971554,86.39080369884469,91.02888247784372,82.10873874322607,88.80409395731648,94.60286916444225,63.8348303701407,71.55387765983946,79.32938400297805,19.92281175728809,31.31813122192218,41.14027787761257,7.577158141329789,18.072897033610364,31.737248417594653,0.20809068512641427,4.191276043466292,9.114289719459203,0.1725,0.024
broad_uncertainty,planning_gaming,central_state,44.1310555664202,54.76675001045718,64.93107692988319,72.84774694431843,83.71089878319654,91.3590994433529,83.68078785664719,88.23070893244068,92.20650334155613,71.53992099827376,78.27695973468389,85.12499017843376,70.07553094350605,77.60436963495218,85.07376469006473,10.38187965206777,18.471388652453605,29.139231947379738,18.149217373969844,30.833103227706935,43.55339105955201,5.186349999456566,10.18668566869006,14.920769652046937,0.098,0.039
broad_uncertainty,planning_gaming,market_federation,56.346187042412986,67.551667886767,77.98504269795002,57.89135985160501,69.87679547973204,82.15392827550698,80.88770312718671,88.12110880996502,93.9781809091549,78.44425664812216,84.83936311593084,90.95497056939541,76.03908134128231,83.41505676766269,90.00085266792757,4.353924700843241,10.768846491753193,19.819922684597984,10.495095151893112,21.26132022367841,33.271717725161324,2.273043602597808,6.888072606925604,11.970614709309167,0.448,0.001
broad_uncertainty,local_tyranny,cct_v08,94.83043178197592,97.95593840038987,100.0,94.13501683716967,98.27355997521204,100.0,84.70094151344247,91.38718872362477,96.87484451933408,88.94712665985779,94.13784524070101,98.46909456468279,86.61142840647791,92.30885923301753,97.21229986734612,1.3448165345820882,7.137024763111033,15.552833295427709,2.6737453919745464,7.484851687596695,13.96325224556382,0.0,0.8167929881089544,4.120089234303115,1.0,0.0
broad_uncertainty,local_tyranny,cct_v01,91.62723544751688,95.05221715275144,98.38045273204088,94.17550363668421,98.29404739976135,100.0,70.01163718211642,79.32146001858722,87.46966991028421,79.09293140275966,85.89105584938352,91.45882944298685,68.46709523224703,75.8781447650896,82.56588909611263,14.407797749550765,22.61498407213294,30.643438446400843,11.493314826851146,19.286411967396113,28.580917495577875,0.0,1.2749001338456871,4.920298453005709,0.9675,0.0
broad_uncertainty,local_tyranny,central_state,92.46122396313919,95.74347225487759,98.98801652487646,89.86488825927047,94.99449159010763,99.45280474737969,70.5357788372364,78.44698253456774,86.66295411146653,79.01165143910059,84.93430222375399,90.96194961964827,74.09842124112154,80.68208376011285,87.27385465590274,3.4174387325832707,10.269403692698171,18.56948189943217,1.2807222301580292,6.419609097299045,14.714630294728881,6.938209488009168,13.913581499490501,21.368980068776413,0.986,0.0
broad_uncertainty,local_tyranny,market_federation,91.21560542161598,94.52650911757891,97.96846276056853,84.49242728750949,89.84811392092556,95.06439286527379,68.45241016271746,76.82606488040278,84.77586318566078,78.11934290047506,84.10704569444661,89.86599128214837,81.35005061462442,87.83369181528231,93.33908751174629,0.26257687196083834,5.08896690920366,12.873559565868883,12.695577317872678,20.94380323999216,29.83643573664609,0.0,1.7968923825541903,5.833296636785464,0.959,0.0
broad_uncertainty,external_attack,cct_v08,71.47435768757498,80.42250294074906,88.23946369638568,87.82442538855265,92.90305795839166,97.04617522877854,82.55275426601341,91.00820292743062,96.10527192386405,84.55929747127414,93.17845787961235,98.4703632671011,82.72332120729345,89.82593311472604,95.42468063784767,1.4139471101778138,6.925606890826521,14.711121806395633,0.17074449133220884,4.455611516926663,11.232177110161462,0.0,4.247083438076472,13.194865433809795,0.98,0.0
broad_uncertainty,external_attack,cct_v01,48.22331936195496,58.09091752796577,67.51454124227675,81.87949958128982,87.21224353275011,91.65816709443597,77.92747785363001,85.25916472916387,90.14404104773921,83.88812583912008,91.34598110464947,96.81388540639915,68.37563239366727,76.51987416771817,84.08018296214074,10.427048296605808,18.531325338739947,26.73163274459981,3.9293207369400958,10.495156311898754,18.47859231487123,0.2233084763824148,4.781863511743481,12.320345459142139,0.178,0.0065
broad_uncertainty,external_attack,central_state,62.748305300529495,72.25113520717662,80.68478734839135,82.2746509263496,88.77780863786177,93.98452296543981,47.650970764165685,62.76580121368897,76.80808424612752,46.871570283012595,60.888344525022845,74.61623643979951,58.90411925550613,67.70586693641829,76.26130284427182,0.5250527972695602,5.457196619262638,12.93629118566047,10.57083650129651,18.187239574990073,25.676050144338625,18.354906685154116,32.7850589898588,47.42802655041541,0.357,0.035
broad_uncertainty,external_attack,market_federation,58.8747647805035,68.35151993618746,77.64963840054384,73.22034590107401,79.87078925865055,86.13408456460246,71.06822585778883,81.52507139369597,88.61332998486274,71.82726305380751,82.8826068680462,90.66345056416843,72.17051298328867,80.29429172425998,87.80055731802258,2.8521812376553575,8.787706840675934,17.005988391471544,6.6337926822614985,13.936023881889078,22.64520650970399,4.278192012254221,11.391463508676042,22.547790142721567,0.6475,0.0
broad_uncertainty,transition_sabotage,cct_v08,67.17711932354077,77.6277805191371,86.98902301775502,86.95720536271749,94.05265458841673,98.36128002187269,85.17979422990153,92.54414500109783,97.09864524797266,82.95704268059701,91.15847182426634,97.07662971818591,79.82076887049276,87.65128525736878,93.42071586564302,2.275881373663881,8.979130865246773,18.553568799367145,2.4395259160653984,7.837271210611995,15.76081186928604,0.0,4.157222921607513,11.332583451160573,0.942,0.0
broad_uncertainty,transition_sabotage,cct_v01,40.57839861761192,51.94239228983908,63.005011620017136,82.76579386503485,90.59713102157605,95.05116600558453,78.47029837384767,85.83080323946159,91.18683627976783,73.27237168642728,81.46727054661415,88.82459688944189,58.7642307037749,68.38974813650466,77.34296888333792,14.198770229671902,24.77839016865067,35.06435089190906,6.356140161194932,13.71661419525577,22.75647575743204,0.8648644961901639,5.576609907843171,12.58276739449558,0.0615,0.087
broad_uncertainty,transition_sabotage,central_state,63.67157104190041,73.82455288945344,82.7479552964222,76.27884501789508,86.08618200578803,93.14430000397535,65.18009973377384,74.91748329147153,84.10411828625196,55.60457058414707,66.5633967735642,77.13606820153306,61.541473838735,70.63397931579729,79.43232977853498,1.3234249813437098,7.378225026668003,17.001826427161724,6.427933416426555,14.13361088281783,23.727264943597298,10.6636590924815,19.69081858154904,29.499448312168536,0.6225,0.0
broad_uncertainty,transition_sabotage,market_federation,39.738581404692425,50.77161312429135,61.07300710345985,64.10465754329293,73.61336842307502,83.4314258471587,86.12609291725012,91.4125078087329,95.44739606462363,82.7202482934208,89.60652615081361,95.40646629035042,67.21246547050725,76.11288590302098,84.51247161273204,4.385359624081236,12.066938802153377,23.220462818051725,24.939697531743892,34.61056554498418,43.19468586499352,0.0,2.658942538298617,7.340208225575931,0.0375,0.1055
broad_uncertainty,institutional_complexity,cct_v08,89.44425126545615,93.80227460382864,97.75621526918904,91.87855589061886,96.29826530328083,99.7888717607147,82.08466072863058,88.53365543094654,93.88682979517665,78.41473180421227,86.04420914786138,92.24435085889206,100.0,100.0,100.0,7.4855412329828805,14.475897900175951,23.196206590313693,4.259625277605932,8.86982777502229,14.719080564970945,0.0,2.9176125429119715,7.334014834786644,1.0,0.0
broad_uncertainty,institutional_complexity,cct_v01,77.41565234823696,82.28588226577693,87.17212640126583,88.35239249365237,92.4014908439218,96.0167400233247,59.399685096805676,66.75747423336418,74.25383436096122,50.458863475044055,59.21481186697589,67.87203301383758,85.84889559071074,92.87744755601638,99.55114584236344,31.547463921319356,41.857084373379024,51.91649190436081,21.099849448642605,28.042153355858318,34.401996033839886,0.3338594041692574,4.313139631492799,9.307906535519237,0.4385,0.004
broad_uncertainty,institutional_complexity,central_state,85.716276564977,90.07358478092823,94.26261625415502,87.37382779507413,92.31011958721797,96.33341494289112,72.26641024006278,78.66115786483351,84.8587103393287,65.59713893025202,73.41938749386435,80.60154264141005,91.9366374007785,98.25073331063182,100.0,15.932315451893164,23.58091397238426,32.163775639797024,18.815977500770366,25.679246444773824,31.351042032370867,5.1869740152523445,10.265770899104137,15.363378448580729,0.9885,0.0
broad_uncertainty,institutional_complexity,market_federation,88.36119977175429,92.74761874307063,96.67454845495169,83.32716582050863,88.3845307601398,93.24831529022383,77.82887980903652,84.70665347851062,90.54544923211687,72.60989291797979,80.75436868667857,87.59724223847499,99.35548300486074,100.0,100.0,9.752254634964203,17.499762317407555,26.10313362044229,11.068397292435368,17.352333187808323,23.783334715662978,2.5295222368806494,7.280581248084659,12.562995648273985,0.9995,0.0
high_shock,water_coordination,cct_v08,87.87942474536223,93.0712226217714,98.07910509779589,87.77951026448324,92.79365773150255,96.9521916056531,88.14470513905721,93.14442420520498,97.19484543464435,86.82283289092115,92.34644357392179,96.53104122610647,84.4940608579737,88.79626236487331,92.7190471089511,13.966119907960154,21.87935164652643,30.07755742571007,1.8730897648457123,6.404304941889748,11.871151664887636,0.9202442917611301,4.7567778491314385,9.438038862757935,1.0,0.0
high_shock,water_coordination,cct_v01,61.89212944522218,68.1196129954117,74.21210658262784,83.48129031197317,88.84296298507809,93.25492953600983,81.3932969644633,86.21131853038602,90.54110835826314,82.96954290487416,87.74215577109393,92.10190363385416,68.98968844779809,73.72995047126926,78.31868402805209,49.02204830665417,57.90613529477737,67.21651831695041,4.9271759798179255,9.866146066029717,15.850193303482323,1.0039166971396167,4.674033038494132,8.565373599434274,0.741,0.0
high_shock,water_coordination,central_state,86.0103791355871,91.19705962522139,95.92739868091996,77.66052236382293,84.5690248972563,90.41939087359744,65.04737688638635,71.59053235359524,78.44050401467005,62.08869522680432,69.27128849164504,76.20334924670165,76.26807365035629,80.63037377451082,85.11779075283603,15.939357571090397,23.59864001676908,32.57930499946268,16.662475819902507,22.925027028835643,28.665398223642594,15.895581306876624,21.908505118765362,27.994087551233527,0.8885,0.0
high_shock,water_coordination,market_federation,86.60476370001567,91.81669517586448,96.77302943333268,65.03140515569532,71.93460751404487,79.05619956570833,75.2139615383822,81.66232413821584,87.27591654055023,74.00903755875166,80.75072297954412,86.84896770277422,77.77819982512102,82.21885800183314,86.53636931800276,14.323603114482818,21.772215169058057,30.549848367019685,9.851921779380056,15.814639401265847,22.16968234028763,7.720651495980282,13.106190431329871,19.100470737830054,0.898,0.0
high_shock,administrative_capture,cct_v08,90.77921026139639,93.9118530253935,97.19271438721707,89.85179315079625,93.98304175729587,97.48261375411714,87.59446622538744,91.14693364178927,94.84988681276312,84.56411171455663,88.85182942322525,92.82087898648399,100.0,100.0,100.0,7.415029649080974,12.237146151607357,17.558865491639924,6.988602081906077,11.294290713414812,16.34590685689335,1.2843193247676905,5.133718674140884,9.179704608153447,1.0,0.0
high_shock,administrative_capture,cct_v01,80.8943069808993,84.29824802519303,87.77250354979707,84.8978026676462,88.82964067417547,92.60178372809482,73.56758866691109,77.84761660342704,81.98083484329949,66.52205747258444,71.71234879122109,76.49071085279742,96.59780948232122,100.0,100.0,26.537731575953387,32.291826650923255,38.35091043788289,22.69477604589663,28.467037657915718,34.980534674268114,3.3298037044517272,7.607925632424708,12.313759379299766,0.9985,0.0
high_shock,administrative_capture,central_state,78.8212836929905,82.36970071045265,85.95410057918002,74.47712055688866,79.79599695050558,84.12544277024492,68.16458332341442,72.64792310729513,77.13103015231539,59.13717325488009,64.6955609950234,69.8199128491305,86.80887712490605,91.2641935698511,95.81382871520273,8.247419865359172,13.273948742435014,18.673819561768607,37.98715627403918,44.66950072273562,51.36244525618469,12.222763915438644,17.58373729068509,22.692604966343346,0.8555,0.0
high_shock,administrative_capture,market_federation,82.22969110936897,86.05478401842873,89.68019197469778,69.23660589613439,74.31976795827352,79.73044812248115,74.06293167900336,78.5163146714439,83.0724030228897,66.46263865930497,72.20698169653983,77.51151470723937,95.66628839659673,100.0,100.0,7.168113705057028,12.059829688802292,17.47972189721637,27.865236473686426,34.55054457526839,41.88862518833639,7.205600770956849,12.203908639991855,17.36064501019712,0.9865,0.0
high_shock,planning_gaming,cct_v08,72.201342496516,78.66186970446705,84.46427764286989,88.52096013472182,93.77176151293179,98.12143944741838,89.93054424522512,93.74328615199607,97.0078503334574,89.19336692918095,93.2127503947903,97.13118389675186,80.87408323481816,86.44130712118175,91.05010810053963,6.863593782610009,12.14784042306226,18.68921748564696,3.240147095915925,8.687289983389043,15.307898949640121,0.0,3.3386288991898736,6.814418628771114,0.995,0.0
high_shock,planning_gaming,cct_v01,43.887406146548294,51.42096200165835,58.265189653274014,86.11531912861227,91.2876383985664,95.80036974294742,79.74719898475897,84.08456892999651,88.22600453201548,82.28047942311528,87.21534463641733,91.76791809397785,61.90733201706709,67.72669221673482,73.35765408918519,28.028201719419716,35.1346225755661,41.73003965530694,13.247496011940406,21.09782864691776,29.539043521694147,1.5246754479385394,5.058572124751764,8.770208415415688,0.005,0.0265
high_shock,planning_gaming,central_state,40.488711871895134,48.04701573894776,55.58053867211825,73.02931945475467,80.5092526884299,86.3755072964615,82.56196039158837,86.34304296574933,89.72909920141694,70.08950054838876,75.0959579602206,80.31676886976618,68.61256038258537,74.40264906210834,80.1337732776251,15.473917621314348,21.993688130147003,29.019817412348658,26.39064050297312,35.379696806306754,43.90961676054385,7.483689266907148,11.28400568612303,15.421962970845515,0.001,0.0865
high_shock,planning_gaming,market_federation,55.16486370413231,62.58719240297283,70.0911808746769,57.45023838933592,65.51540656293363,73.83034133724018,81.11532239308339,85.84408690407365,90.31172693186213,77.85198396129901,82.53618420601656,87.32785999045277,75.55971657098416,81.0360857938686,85.8991371556201,7.60105472732184,12.499534563194,18.616143321316994,16.693335856023364,24.52564012624234,32.691375969056466,4.1712145809021175,8.103662779407582,11.863775730087898,0.2035,0.0005
high_shock,local_tyranny,cct_v08,94.45284818828682,97.57226865283963,100.0,94.0971112971719,97.73548376996419,100.0,84.59921780407444,89.66029554129788,94.27323741201033,88.84815903446743,92.8819470631051,96.71739536146393,86.18118939085204,90.74305074314067,94.99865369557496,4.195157224321436,9.178117246989233,14.764045765472275,4.739822646472919,9.241149211573266,14.077022956782907,0.0,1.1530113928978396,4.123865750235331,1.0,0.0
high_shock,local_tyranny,cct_v01,91.16336362123822,94.30573059436438,97.32690403536526,94.25758000385818,97.64331407793694,100.0,69.62608031150117,75.99671667062023,81.6802496056811,78.56867888724655,83.50672178819985,88.0670524319932,66.3443320536924,71.83276114764115,77.1269763307947,20.086828322952098,26.30793253016739,32.24239782440999,16.5026705839677,22.3201018599596,28.50633014818189,0.0,1.6314168511489058,4.71307439013933,0.9825,0.0
high_shock,local_tyranny,central_state,91.94932543661174,95.06926722124055,98.12711498328915,90.11503038690273,94.09833709915593,97.76686939244361,69.29030342526369,75.25662968770135,81.24727730295487,77.67547266837506,82.47825586720072,87.06040990329653,72.39922214410761,77.46805580721676,82.66534825236317,6.724062060035902,12.370854101739173,18.623813942849097,3.5167865637613773,8.02303838984276,13.929440645406517,10.99099944706978,16.327079930318064,21.842762538211822,0.9875,0.0
high_shock,local_tyranny,market_federation,90.43816384177745,93.7219568799743,96.95809349418366,83.76032303824013,88.03038424195785,92.2189350774975,66.46777066402258,73.31386753048871,79.59960865968462,76.61444578079798,81.76425245542148,86.36496888852068,81.04993731629915,85.83382369910566,90.42575152543658,2.0028589501048994,6.461605116892464,11.82924572148244,17.835441892621425,24.52463457174435,31.391990559600885,0.0,2.345613128218711,5.643285029166892,0.9405,0.0
high_shock,external_attack,cct_v08,71.0836735793284,77.52109426114164,83.42803655529619,88.03900350736413,91.79927020202439,95.44258855648847,83.06345261410297,88.77336826757535,93.52115042733206,85.6929380493654,91.43726122338978,96.2574598828889,82.72036510182616,88.24131775377148,92.97776285075814,3.6713644436378883,8.440602747577493,13.916569027129166,1.606892238329576,5.643639531859651,10.523190038571885,1.268823210696055,6.062878944632576,12.115009477433592,0.993,0.0
high_shock,external_attack,cct_v01,44.70662117221299,52.109964580737795,59.13763559437344,81.19827605278252,85.30654264187513,89.13590489482526,77.71001230052559,82.51559429636241,86.8821002863816,84.1724013417366,89.43689746442416,94.23713009270632,66.99760128726567,72.89076464410505,78.70096621557626,15.274555098110081,20.951453397041753,26.685170268125585,7.334222165494522,12.316900162951638,17.99240194511687,1.906069278472593,6.317274738191762,11.413760663409281,0.003,0.0115
high_shock,external_attack,central_state,61.92933804371106,68.38978900518867,74.5476386932508,82.50649320811446,87.21176172546873,91.52595641883829,47.8711671457039,57.63373377238777,68.09965309890471,46.2336940283486,55.69588294800199,65.34274360224099,57.19860322967182,63.62106050636346,69.75412976419105,2.367827691514976,6.571997790685819,11.75284703984654,15.008644507353079,20.60202620001816,26.232508043836408,26.29435075757827,36.693464936324965,46.57167563606561,0.135,0.022
high_shock,external_attack,market_federation,57.279213038638694,64.24072829228328,70.7458203242471,72.71940386607757,77.39786430083637,82.14187420784427,70.82284611742327,78.09144673980211,84.08130104474174,72.46711565870677,79.57222099828635,85.80229470740107,71.57088275978803,77.64272845106312,83.2123821393856,5.756760935785432,10.664924893113085,16.223547403700056,10.696484752450871,16.1373137341924,21.682391326484435,7.881028645755165,13.977166714456551,21.579257733797654,0.436,0.0
high_shock,transition_sabotage,cct_v08,68.10478124869995,74.88237887613985,81.40402299356921,88.05245817846316,92.7804457540069,96.96212612881791,86.04138954861266,90.80394756929178,95.02406976079297,84.30948079841612,89.60097357153302,94.3813183222834,80.3657926367206,85.80914020841536,90.52406416424209,5.155703750098257,10.665094597451215,17.275524543160746,5.066043570781304,9.337044709703779,14.723250251278614,1.3482942657221852,5.349668146147383,9.968542005414065,0.9655,0.0
high_shock,transition_sabotage,cct_v01,38.91915994270251,46.44149751217182,54.30241816813829,83.8985280049501,88.84977422538871,93.05113994341306,79.24962431796371,84.10660872408761,88.30570338426772,73.89429015923095,79.64379397462054,84.86955272657539,58.710546783907525,64.94697614770739,71.25471026637638,20.69365938025108,27.383696579647467,34.29239440853749,9.9566002190583,15.248148823729519,21.45515747578013,2.568613359436313,6.636035582395686,11.462878456668204,0.0,0.133
high_shock,transition_sabotage,central_state,63.86688359357869,70.95004414031078,77.47479349285727,77.5419591127021,83.92731035406209,89.78210283788573,65.55603761434715,72.08416636620976,78.86913772518893,55.87216311502822,63.27351284725546,70.46393228822969,60.84556346395988,67.53187203857081,73.75610051298811,3.4523421017592777,8.703780562895808,14.858050172308516,10.233034255695019,16.09053954885905,22.47466315536446,15.6220713983855,22.075447358810827,28.74563878998639,0.5685,0.0
high_shock,transition_sabotage,market_federation,38.118649437377776,45.52283927844839,52.54334620283959,64.1347699478372,70.95566490539798,77.79000758155988,86.4696854834748,90.27904373273626,93.82512788291113,83.54694153205583,88.29990448954783,92.77131549535225,67.55080013412113,73.66566775773364,79.5077437144871,7.878495268519572,13.943453558803032,21.148138149497107,31.218655983570375,37.651474680861895,43.80469745969877,0.0,3.1309902480014777,6.728107566938678,0.0005,0.174
high_shock,institutional_complexity,cct_v08,89.2127055664206,92.73584143034502,96.1588008334727,92.16423564774414,95.47159061064767,98.67751004133453,81.58958914195574,86.50384693075983,90.84787314725362,78.05827999239973,83.50494971330787,88.67910867174614,100.0,100.0,100.0,11.808407062678299,17.301554034522724,23.486647967755893,6.594795561479597,10.814760417725493,15.295619413313748,0.062246968790340536,3.4360324578709434,7.063337914934952,1.0,0.0
high_shock,institutional_complexity,cct_v01,75.46337188164492,79.5131915146514,83.75758496144192,87.76442883796874,91.29159819059335,94.60470420679432,55.32727380102864,61.41647436648093,67.00489813600225,45.71257152304426,52.67910143694223,59.207047252075725,84.62515037642444,89.68380945014911,94.68495843254249,41.30406569840311,48.54669859234845,56.32833683570078,27.593158936768756,32.58721134314855,37.84453369668413,1.7530984920786659,5.271040218272911,9.108756634675238,0.0565,0.009
high_shock,institutional_complexity,central_state,84.85828360802688,88.37849593383336,91.84094197260815,87.17147430216782,90.74193424044486,94.39665131583877,70.25172523163995,75.24059185085751,80.1914810878718,63.52373151532503,69.05336910479906,74.43022641482007,92.10175764854877,96.57804799048179,100.0,21.550231811634838,27.499209576785354,33.79773717884875,24.675018640507474,29.647004270131113,34.62681201365462,8.013461722364045,12.129311806284395,16.288615728780226,0.9785,0.0
high_shock,institutional_complexity,market_federation,87.86542568238447,91.28008019593383,94.80829998722837,82.28470578726534,86.31320129939346,90.21814988067788,77.0101162169775,81.98879103915314,86.73555435809413,71.74037533011614,77.3125614733567,82.73661532655993,99.62055441665467,100.0,100.0,14.93101217752743,20.85116169464524,26.848240009782327,15.275563273979058,20.407976977755908,25.293239588451552,4.620592411601282,8.410932855751295,12.535250284755787,1.0,0.0
hostile_to_cct,water_coordination,cct_v08,82.33930959423614,88.40454471386053,93.908777223282,82.4095334252358,89.09101358453248,94.3923849529436,84.81503916968899,90.24505604870455,95.10679861698799,83.87548913185437,90.03834011559385,94.63314725555475,80.9044687509855,85.73586630895244,90.02881182632255,20.663229367351217,29.898869633902418,40.70022464011054,3.6347098231539072,9.08968406749051,15.266996871319824,1.9752364913540768,6.203162722433845,11.38318098862759,1.0,0.0
hostile_to_cct,water_coordination,cct_v01,67.17852051389987,74.17595142805885,80.79191218518804,87.37158928968434,91.89453462782262,95.41025404225846,83.57114182051822,88.32783947696538,92.98664104142969,84.79695670923064,89.8043818660822,94.09668941862563,72.58122369261929,77.58852541593265,82.46541597855698,43.114492754718746,53.79257462126823,65.21414955200147,2.725192918458466,7.736397423303608,13.598081423671537,0.13368256122418112,3.883487028326134,7.957169087330581,0.9535,0.0
hostile_to_cct,water_coordination,central_state,90.00976148928291,95.07879028574557,99.91486737497699,81.0734687766573,88.24694409894616,93.89996744088963,67.54116771067962,74.96181702666462,82.21553984512906,64.77925759882952,72.66284950865153,80.23225550390998,79.61641072159142,84.09782787676959,88.72787374281116,11.545300037506633,19.80255803903249,28.792384738203307,12.74018476679808,19.60087768331416,26.405074593929424,13.199393246676207,19.613905922096315,26.58779278868661,0.953,0.0
hostile_to_cct,water_coordination,market_federation,90.64799637631288,95.70611515035606,100.0,68.78720686143936,76.52507147463345,83.95660705199107,77.3251928225604,84.00157912431325,90.29302568365856,75.79569681517552,83.37910602107031,89.83911290732824,80.85324416175841,85.79958896642233,90.2191841993299,10.263945925355829,17.54777881082682,27.048798288669857,7.3716404295452405,13.420988933350948,20.231971488700232,6.069331679732433,11.596598579848482,17.778785962760065,0.977,0.0
hostile_to_cct,administrative_capture,cct_v08,88.29879519725536,91.6958056083513,95.05691751411157,85.5121501335981,90.39435520968547,94.63542889247846,83.96770447187586,87.92328572198369,91.95565391515625,79.92238047221099,84.61481542007894,89.16748809660744,100.0,100.0,100.0,10.082501877487474,15.55784137683553,21.3951551225798,10.62800193948905,15.967398624445483,21.897621906827055,2.684987287883573,7.14665359938906,12.08729421783179,1.0,0.0
hostile_to_cct,administrative_capture,cct_v01,83.53645838756235,87.08407796088565,90.46192754311559,88.03847563040168,91.76213956295916,95.43386759798545,77.48068715188671,81.58935489466674,85.92613324423026,71.68623444788668,76.5867772710001,81.35375555759755,99.4601873011861,100.0,100.0,21.506793293819936,27.646416904568383,34.167201791468344,17.495005754964893,23.204392391217965,29.213693857967545,1.5358885849646478,5.6626939826554334,10.781095440076335,1.0,0.0
hostile_to_cct,administrative_capture,central_state,81.57541808732165,85.20983323309738,88.7270718704711,78.01058625871114,83.36834325018467,88.11996617799693,72.39942047430326,77.12848646119136,81.33941363279277,64.68330445411502,70.07728828321852,75.33002528666357,89.97754135950281,94.89396058794853,100.0,5.491277842791483,10.246287672476187,15.811730107168833,31.432539303748086,37.90941427284922,45.098109995544796,9.72393302669596,14.935394765084265,20.27999143262926,0.9905,0.0
hostile_to_cct,administrative_capture,market_federation,84.850808837858,88.53763690924092,92.33566611360665,72.51692385119561,78.44070094744461,83.77656816384058,77.58229405670332,82.32757777815142,87.05182346199328,71.3899850659935,77.11737995274885,82.65312260573026,99.06732292448062,100.0,100.0,4.5988437407645115,9.147053781763255,14.381765591543589,21.94234918676939,28.491715291670886,36.156887454722316,5.403672808533669,10.171461967070503,15.567783420730239,0.999,0.0
hostile_to_cct,planning_gaming,cct_v08,64.15624344099281,71.86622325318996,78.40796962093407,83.24768829507897,89.92853988986747,95.35670565234471,87.25521961596932,91.29290896907247,95.17370878195804,85.57806807454114,90.27646607784405,94.72369109902378,76.76416070360439,82.11300260697328,87.63152292560815,9.408346293496813,16.08670126564682,23.354886809590052,5.981883627140302,12.409188548922497,20.301852328620367,1.0703438893893225,4.600577277708608,8.46188906725396,0.8715,0.0
hostile_to_cct,planning_gaming,cct_v01,50.739381827703134,58.729159771826794,65.99864118360946,89.626908597002,94.42995530746502,98.4021014590167,81.6454891764189,86.19626351467441,90.29362204792844,85.01503048560755,89.86131665374452,94.26571285760124,65.81652496196025,72.26575691369214,77.93729578733476,22.479044058141902,30.206715953554497,38.030327293170124,8.919750408210808,16.59584603668705,25.65672932445604,0.4698163929921065,3.8556110973436284,7.718358955352472,0.139,0.004
hostile_to_cct,planning_gaming,central_state,47.421307928931846,55.312814714123974,63.37303725780947,76.63699838712044,84.2282071112997,90.308668659717,84.19058680071468,88.07330311743405,91.72333092306977,73.34634877146661,78.8117008744018,84.12968448485236,72.9722596523691,78.7492409994485,84.31143598545012,11.37639675234186,17.687002274379815,24.99370707545882,20.474123011454328,30.136087665053484,39.51969751705997,5.842719806738666,9.731853555116418,14.051282996645881,0.059,0.006
hostile_to_cct,planning_gaming,market_federation,62.03320309640363,69.99693213828289,77.4613427166312,62.6124583751031,71.10255982664464,79.32722758325093,83.42097602809586,88.558842553027,93.23771601107035,80.62371701881807,85.60463990053168,90.4042645232871,79.34185622677961,84.77102229095145,89.72645343257287,4.4117717341545895,9.299451257269896,15.055151299858263,12.211771994396859,20.005284204688962,28.47259795485637,2.8326731460991303,6.649881595676521,10.54230945387547,0.666,0.0
hostile_to_cct,local_tyranny,cct_v08,93.72499691103181,96.70177663875278,99.67814513241457,92.50682633117134,96.35938468087618,99.89253875663478,79.6719443104473,85.94054258152894,91.21560910766743,85.78026869012466,90.39625269346921,94.2167150979806,82.27373162660346,86.91287315158766,91.80454862456088,5.988439313222383,11.242356608402549,17.774010667569343,7.046272991049147,12.126958567963344,17.50977702319936,0.0,2.163002246371234,5.689412265459081,1.0,0.0
hostile_to_cct,local_tyranny,cct_v01,92.15149816564735,95.27644561467407,98.43920450438233,95.43468661551631,98.76597070250097,100.0,73.62482015005065,80.1476213881601,85.9341249192604,81.64403063716861,86.37489507975198,91.00095053693632,70.66347826657544,76.11376699298147,81.77319564869867,15.91854582518654,22.653640233496876,29.146930618932053,13.125950747170593,19.021033443927344,25.60832312530104,0.0,0.9396932984341577,3.7886974088914673,0.999,0.0
hostile_to_cct,local_tyranny,central_state,92.69284437203605,95.7007275669772,98.76625581550219,91.39733505540548,95.5331358042279,99.43258775444761,72.36386337416218,78.8051150775505,84.85236808122474,80.08642499121774,84.88560897051707,90.00801444235294,76.18395928198802,81.44236390253951,86.71492082461803,4.61500057171655,10.059902258050274,16.249095072741415,3.1964001541094813,7.89192504478952,13.678709977012451,7.735311172758989,13.003365341277263,18.557997185335527,0.9965,0.0
hostile_to_cct,local_tyranny,market_federation,91.51953589803908,94.72939457803392,97.70144519553315,85.69563629323753,89.8139586090701,94.07310636413914,70.68629836587719,77.53388968393762,83.58573459183992,79.57975779388534,84.51011105326566,89.32149256567916,84.50158174742856,89.08557699449645,93.69061786813612,0.5659494609342408,4.358519318161539,9.272945390578949,14.691856045976452,21.017652974730343,27.796034304308126,0.0,1.3098567717881782,4.627143305433656,0.991,0.0
hostile_to_cct,external_attack,cct_v08,64.41633084101151,71.77695263600539,78.4077423777067,84.14426611091623,88.72360080030211,92.794081082964,78.64288230190905,85.35076401945992,90.75734523628252,80.90462609326369,88.05338208822677,93.64410535290486,77.48703254676279,83.64552897912397,89.17033461574877,5.2537420748256904,10.776974845153585,16.770837287599353,3.3841222102002866,8.10658717492056,13.885627274773611,2.943307333710983,8.338274369690248,15.333532142282019,0.8795,0.0
hostile_to_cct,external_attack,cct_v01,51.06156884340242,58.586828753390776,66.35934401193762,84.27788619359904,88.1183742880418,91.65446438239566,80.02397584761152,85.27165255444008,89.71055181553368,86.26584711985255,91.80755147366831,96.3046419451178,71.68836705804661,77.65134683506201,83.33365868693356,12.005023559857023,18.21800662352663,24.455785576555108,4.927095489259989,10.27793965100172,16.144741342077253,0.48194737943281835,5.0537496442799945,10.398810111882247,0.1435,0.0005
hostile_to_cct,external_attack,central_state,66.90807410903616,74.25952735576234,80.39687234911179,84.84975262471795,89.88805396858575,94.23832279023637,51.532295476978256,62.83903043399463,73.22135260208091,49.942641729456554,60.79880578741987,70.44751723955669,61.648943296106616,68.79635522069594,75.44010965416699,0.580106759525591,4.919847717395918,10.104592559118476,12.022363751692222,18.02261052589209,24.147703760210188,22.361765772087566,32.83653410785878,44.185365892708546,0.363,0.006
hostile_to_cct,external_attack,market_federation,62.57115140356648,69.83075884187951,76.45413121229734,75.59569266901954,80.66057724093997,85.76353225365176,73.0995114939723,80.9550969782275,87.11046549095988,74.64408295329088,82.42883173036032,88.76079767571406,75.21530593738606,81.5776179768612,87.35060329421177,3.542470984063364,8.406285395119617,14.23066631157236,8.217385124530502,13.628040277352405,19.426317114215408,6.1862482537166565,12.616363729546093,20.39518838648469,0.7915,0.0
hostile_to_cct,transition_sabotage,cct_v08,59.294974848425184,67.55953826304531,74.97815668867895,82.15019607125781,88.7873035268379,93.8824286518593,82.66056315364585,88.07264486316868,92.80256153061748,79.97476968379353,86.52973554696014,91.86688690225058,74.01602042561846,80.71595432744749,86.25181653371504,7.694560181521433,14.386507417883315,21.9380039304473,7.3836618923796955,13.104968451387098,19.269438975867008,2.2411521392798637,6.6421573559052085,12.092392427239892,0.6585,0.0
hostile_to_cct,transition_sabotage,cct_v01,45.2279371680125,53.570865246391904,61.955711490010565,87.31143843190296,91.70361678062972,95.44710082859991,81.00204117153396,86.20122026486806,90.84001625625834,76.15425729386781,82.34256931197524,87.4647016328345,62.27726831445598,69.59157303172623,76.1294424983734,16.416892707912137,24.02186282521261,31.550340839785516,6.931922422409622,12.257232384032763,18.52978474157352,1.3061603057740392,5.6645491381466115,10.409174741974859,0.0385,0.0215
hostile_to_cct,transition_sabotage,central_state,69.59629785884323,76.89043874962792,83.42533980072308,80.53697549997123,86.99875736236335,92.84277984333579,67.87855920539113,75.10398069917761,82.13367477964381,58.89415230801454,66.73720975222719,74.40034904373128,64.99424803079071,72.07602773422076,79.10767203585837,1.3830398058570659,6.072066427424083,12.425634672920589,7.247864286139002,13.086120606951127,19.95717358698426,13.29388249929369,20.26566066648232,27.30236630517287,0.817,0.0
hostile_to_cct,transition_sabotage,market_federation,43.671312067376306,51.87797645200444,59.78679826643841,67.28313915919658,74.68855542954253,82.16761946381324,87.00589229394203,91.06258192637888,94.77790252936508,84.36907715711322,89.61419179055306,94.01750699578253,71.22581409945906,77.97082215938232,84.10617709549817,5.2584456452948585,11.105289945114503,18.45587229730275,26.941536080520954,34.257701501653294,41.51826250365394,0.0,3.131131679754069,6.986278048034763,0.0165,0.035
hostile_to_cct,institutional_complexity,cct_v08,86.913468971442,90.76191667508951,94.41164516085108,89.68134327200185,93.38476420598707,96.99798789888165,77.29940877391354,82.80334882907599,87.80404076125603,72.54095182488169,78.88138228836723,84.74814763897808,100.0,100.0,100.0,15.501962471770517,22.07970709055956,28.812205842746838,9.147967865107566,13.995794227524305,19.11640890730395,1.2269440381941161,4.834933226744745,8.67279175135313,1.0,0.0
hostile_to_cct,institutional_complexity,cct_v01,78.34433733934995,82.68259116793274,86.6591616339194,89.92827415509447,93.1264120855776,96.3157370490348,60.9833038408785,67.28145531376279,73.08886875177357,52.66623627943198,59.72261381400311,66.57060696255272,88.7041745843098,93.95787765417964,99.18049487926474,33.38152044963271,41.09271432960519,49.41755361071503,22.349368533551363,28.11446846442343,33.53712601830983,0.48133859937088075,4.030445479917801,7.85399548930623,0.4555,0.0
hostile_to_cct,institutional_complexity,central_state,87.00267246639129,90.61402064301319,94.28712964601719,89.02756863829289,92.77198694970497,96.41020673935031,74.70372360071781,79.88938723176412,84.81781402539214,68.73700656131011,74.56253936392197,80.20914249363295,94.84598410927627,99.61781631408594,100.0,16.19361600977494,22.16226794179884,28.391184610906166,19.889021001221487,25.161713082577307,30.17493602304546,6.328075880439172,10.319540968459677,14.590767033011733,0.9985,0.0
hostile_to_cct,institutional_complexity,market_federation,89.82117123418536,93.38640687195775,96.8802519078776,84.573940300048,88.78895916750639,92.90401245322104,80.8914360938837,85.9103663614862,90.55805024552554,76.59125901629187,82.29360828641933,87.62444445616804,100.0,100.0,100.0,10.222394553162635,15.874261771252005,21.892511521472343,11.573985831724155,16.355320331178838,21.830764222269227,2.739028887280546,6.789396156804762,10.861437569880003,1.0,0.0
