capability_id,module,block,source_key,projection,projection_id,semantic_role,line_start,line_end,a2_role,a2_confidence
CAP.PROTOCOL_ROBUSTNESS,2,protocol_capacity_split,@block,SCHEMA,SRCFRAG.M02.PROTOCOL_CAPACITY_SPLIT,source_fragment,99,106,,
CAP.PROTOCOL_ROBUSTNESS,2,protocol_capacity_split,rule,RULE,RULE.M02.PROTOCOL_CAPACITY_SPLIT.RULE,unresolved_rule,100,100,atomic_rule,high
CAP.PROTOCOL_ROBUSTNESS,2,protocol_capacity_split,ask,SCHEMA,SCHEMA.M02.PROTOCOL_CAPACITY_SPLIT.ASK,unknown_ask_role,101,105,unordered_probe,high
CAP.PROTOCOL_ROBUSTNESS,2,cross_channel_test,@block,SCHEMA,SRCFRAG.M02.CROSS_CHANNEL_TEST,source_fragment,113,116,,
CAP.PROTOCOL_ROBUSTNESS,2,cross_channel_test,run,PROCEDURE,PROC.M02.CROSS_CHANNEL_TEST.RUN,run_sequence,114,114,ordered_procedure,high
CAP.PROTOCOL_ROBUSTNESS,2,cross_channel_test,rule,RULE,RULE.M02.CROSS_CHANNEL_TEST.RULE,unresolved_rule,115,115,literal_implication,high
CAP.PROTOCOL_ROBUSTNESS,10,robustness_test,@block,SCHEMA,SRCFRAG.M10.ROBUSTNESS_TEST,source_fragment,91,94,,
CAP.PROTOCOL_ROBUSTNESS,10,robustness_test,compare,SCHEMA,SCHEMA.M10.ROBUSTNESS_TEST.COMPARE,source_field,92,92,,
CAP.PROTOCOL_ROBUSTNESS,10,robustness_test,rule,RULE,RULE.M10.ROBUSTNESS_TEST.RULE,unresolved_rule,93,93,atomic_rule,high
CAP.PROTOCOL_ROBUSTNESS,15,protocol_capacity,@block,SCHEMA,SRCFRAG.M15.PROTOCOL_CAPACITY,source_fragment,23,30,,
CAP.PROTOCOL_ROBUSTNESS,15,protocol_capacity,rules[0],RULE,RULE.M15.PROTOCOL_CAPACITY.RULES_01,unresolved_rule,24,28,atomic_rule,high
CAP.PROTOCOL_ROBUSTNESS,15,protocol_capacity,rules[1],RULE,RULE.M15.PROTOCOL_CAPACITY.RULES_02,unresolved_rule,24,28,atomic_rule,high
CAP.PROTOCOL_ROBUSTNESS,15,protocol_capacity,rules[2],RULE,RULE.M15.PROTOCOL_CAPACITY.RULES_03,unresolved_rule,24,28,atomic_rule,high
CAP.PROTOCOL_ROBUSTNESS,15,protocol_capacity,require,SCHEMA,SCHEMA.M15.PROTOCOL_CAPACITY.REQUIRE,unknown_require_role,29,29,criteria,high
CAP.PROTOCOL_ROBUSTNESS,15,protocol_portability,@block,SCHEMA,SRCFRAG.M15.PROTOCOL_PORTABILITY,source_fragment,32,35,,
CAP.PROTOCOL_ROBUSTNESS,15,protocol_portability,vary,SCHEMA,SCHEMA.M15.PROTOCOL_PORTABILITY.VARY,source_field,33,33,,
CAP.PROTOCOL_ROBUSTNESS,15,protocol_portability,rule,RULE,RULE.M15.PROTOCOL_PORTABILITY.RULE,unresolved_rule,34,34,literal_implication,high
CAP.HIDDEN_COST_ASSESSMENT,2,performance_cost_test,@block,SCHEMA,SRCFRAG.M02.PERFORMANCE_COST_TEST,source_fragment,108,111,,
CAP.HIDDEN_COST_ASSESSMENT,2,performance_cost_test,require,SCHEMA,SCHEMA.M02.PERFORMANCE_COST_TEST.REQUIRE,unknown_require_role,109,109,criteria,high
CAP.HIDDEN_COST_ASSESSMENT,2,performance_cost_test,rule,RULE,RULE.M02.PERFORMANCE_COST_TEST.RULE,unresolved_rule,110,110,compound_unresolved,unresolved
CAP.HIDDEN_COST_ASSESSMENT,3,hidden_load,@block,SCHEMA,SRCFRAG.M03.HIDDEN_LOAD,source_fragment,64,67,,
CAP.HIDDEN_COST_ASSESSMENT,3,hidden_load,fields,SCHEMA,SCHEMA.M03.HIDDEN_LOAD.FIELDS,declared_structure,65,65,,
CAP.HIDDEN_COST_ASSESSMENT,3,hidden_load,rule,RULE,RULE.M03.HIDDEN_LOAD.RULE,unresolved_rule,66,66,literal_implication,high
CAP.HIDDEN_COST_ASSESSMENT,15,hidden_cost,@block,SCHEMA,SRCFRAG.M15.HIDDEN_COST,source_fragment,13,21,,
CAP.HIDDEN_COST_ASSESSMENT,15,hidden_cost,fields,SCHEMA,SCHEMA.M15.HIDDEN_COST.FIELDS,declared_structure,14,14,,
CAP.HIDDEN_COST_ASSESSMENT,15,hidden_cost,rules[0],RULE,RULE.M15.HIDDEN_COST.RULES_01,unresolved_rule,15,20,atomic_rule,high
CAP.HIDDEN_COST_ASSESSMENT,15,hidden_cost,rules[1],RULE,RULE.M15.HIDDEN_COST.RULES_02,unresolved_rule,15,20,atomic_rule,high
CAP.HIDDEN_COST_ASSESSMENT,15,hidden_cost,rules[2],RULE,RULE.M15.HIDDEN_COST.RULES_03,unresolved_rule,15,20,atomic_rule,high
CAP.HIDDEN_COST_ASSESSMENT,15,hidden_cost,rules[3],RULE,RULE.M15.HIDDEN_COST.RULES_04,unresolved_rule,15,20,literal_implication,high
CAP.FRAMING_REGRESSION_DETECTION,6,late_arrival_probe,@block,SCHEMA,SRCFRAG.M06.LATE_ARRIVAL_PROBE,source_fragment,38,45,,
CAP.FRAMING_REGRESSION_DETECTION,6,late_arrival_probe,ask,SCHEMA,SCHEMA.M06.LATE_ARRIVAL_PROBE.ASK,unknown_ask_role,39,43,unordered_probe,high
CAP.FRAMING_REGRESSION_DETECTION,6,late_arrival_probe,rule,RULE,RULE.M06.LATE_ARRIVAL_PROBE.RULE,unresolved_rule,44,44,literal_implication,high
CAP.FRAMING_REGRESSION_DETECTION,8,late_arrival_regression,@block,SCHEMA,SRCFRAG.M08.LATE_ARRIVAL_REGRESSION,source_fragment,39,47,,
CAP.FRAMING_REGRESSION_DETECTION,8,late_arrival_regression,trigger,SCHEMA,SCHEMA.M08.LATE_ARRIVAL_REGRESSION.TRIGGER,source_field,40,40,,
CAP.FRAMING_REGRESSION_DETECTION,8,late_arrival_regression,ask,SCHEMA,SCHEMA.M08.LATE_ARRIVAL_REGRESSION.ASK,unknown_ask_role,41,45,unordered_probe,high
CAP.FRAMING_REGRESSION_DETECTION,8,late_arrival_regression,rule,RULE,RULE.M08.LATE_ARRIVAL_REGRESSION.RULE,unresolved_rule,46,46,compound_unresolved,unresolved
CAP.FRAMING_REGRESSION_DETECTION,10,framing_drill,@block,SCHEMA,SRCFRAG.M10.FRAMING_DRILL,source_fragment,60,72,,
CAP.FRAMING_REGRESSION_DETECTION,10,framing_drill,run,PROCEDURE,PROC.M10.FRAMING_DRILL.RUN,run_sequence,61,70,ordered_procedure,high
CAP.FRAMING_REGRESSION_DETECTION,10,framing_drill,rule,RULE,RULE.M10.FRAMING_DRILL.RULE,unresolved_rule,71,71,literal_implication,high
CAP.FRAMING_REGRESSION_DETECTION,16,late_arrival_test,@block,SCHEMA,SRCFRAG.M16.LATE_ARRIVAL_TEST,source_fragment,140,147,,
CAP.FRAMING_REGRESSION_DETECTION,16,late_arrival_test,ask,SCHEMA,SCHEMA.M16.LATE_ARRIVAL_TEST.ASK,unknown_ask_role,141,145,unordered_probe,high
CAP.FRAMING_REGRESSION_DETECTION,16,late_arrival_test,rule,RULE,RULE.M16.LATE_ARRIVAL_TEST.RULE,unresolved_rule,146,146,literal_implication,high
CAP.CHAIN_TRACING,4,transmission_chain,@block,SCHEMA,SRCFRAG.M04.TRANSMISSION_CHAIN,source_fragment,4,7,,
CAP.CHAIN_TRACING,4,transmission_chain,chain,SCHEMA,SCHEMA.M04.TRANSMISSION_CHAIN.CHAIN,source_field,5,5,,
CAP.CHAIN_TRACING,4,transmission_chain,rule,RULE,RULE.M04.TRANSMISSION_CHAIN.RULE,unresolved_rule,6,6,compound_unresolved,unresolved
CAP.CHAIN_TRACING,4,documentary_transmission,@block,SCHEMA,SRCFRAG.M04.DOCUMENTARY_TRANSMISSION,source_fragment,17,20,,
CAP.CHAIN_TRACING,4,documentary_transmission,chain,SCHEMA,SCHEMA.M04.DOCUMENTARY_TRANSMISSION.CHAIN,source_field,18,18,,
CAP.CHAIN_TRACING,4,documentary_transmission,rule,RULE,RULE.M04.DOCUMENTARY_TRANSMISSION.RULE,unresolved_rule,19,19,atomic_rule,high
CAP.CHAIN_TRACING,16,source_passport,@block,SCHEMA,SRCFRAG.M16.SOURCE_PASSPORT,source_fragment,13,31,,
CAP.CHAIN_TRACING,16,source_passport,fields,SCHEMA,SCHEMA.M16.SOURCE_PASSPORT.FIELDS,declared_structure,14,29,,
CAP.CHAIN_TRACING,16,source_passport,rule,RULE,RULE.M16.SOURCE_PASSPORT.RULE,unresolved_rule,30,30,literal_implication,high
CAP.CHAIN_TRACING,16,source_family_map,@block,SCHEMA,SRCFRAG.M16.SOURCE_FAMILY_MAP,source_fragment,42,54,,
CAP.CHAIN_TRACING,16,source_family_map,families,SCHEMA,SCHEMA.M16.SOURCE_FAMILY_MAP.FAMILIES,source_field,43,52,,
CAP.CHAIN_TRACING,16,source_family_map,rule,RULE,RULE.M16.SOURCE_FAMILY_MAP.RULE,unresolved_rule,53,53,atomic_rule,high
CAP.CHAIN_TRACING,17,structural_power,@block,SCHEMA,SRCFRAG.M17.STRUCTURAL_POWER,source_fragment,5,13,,
CAP.CHAIN_TRACING,17,structural_power,definition,SCHEMA,SCHEMA.M17.STRUCTURAL_POWER.DEFINITION,source_field,6,6,,
CAP.CHAIN_TRACING,17,structural_power,rules[0],RULE,RULE.M17.STRUCTURAL_POWER.RULES_01,unresolved_rule,7,12,atomic_rule,high
CAP.CHAIN_TRACING,17,structural_power,rules[1],RULE,RULE.M17.STRUCTURAL_POWER.RULES_02,unresolved_rule,7,12,atomic_rule,high
CAP.CHAIN_TRACING,17,structural_power,rules[2],RULE,RULE.M17.STRUCTURAL_POWER.RULES_03,unresolved_rule,7,12,atomic_rule,high
CAP.CHAIN_TRACING,17,structural_power,rules[3],RULE,RULE.M17.STRUCTURAL_POWER.RULES_04,unresolved_rule,7,12,atomic_rule,high
CAP.CHAIN_TRACING,17,extraction_map,@block,SCHEMA,SRCFRAG.M17.EXTRACTION_MAP,source_fragment,29,41,,
CAP.CHAIN_TRACING,17,extraction_map,ask,SCHEMA,SCHEMA.M17.EXTRACTION_MAP.ASK,unknown_ask_role,30,39,unordered_probe,high
CAP.CHAIN_TRACING,17,extraction_map,rule,RULE,RULE.M17.EXTRACTION_MAP.RULE,unresolved_rule,40,40,atomic_rule,high
CAP.DISTRIBUTED_MEMORY_ASSESSMENT,14,distributed_memory,@block,SCHEMA,SRCFRAG.M14.DISTRIBUTED_MEMORY,source_fragment,41,49,,
CAP.DISTRIBUTED_MEMORY_ASSESSMENT,14,distributed_memory,forms,SCHEMA,SCHEMA.M14.DISTRIBUTED_MEMORY.FORMS,declared_structure,42,42,,
CAP.DISTRIBUTED_MEMORY_ASSESSMENT,14,distributed_memory,rules[0],RULE,RULE.M14.DISTRIBUTED_MEMORY.RULES_01,unresolved_rule,43,48,atomic_rule,high
CAP.DISTRIBUTED_MEMORY_ASSESSMENT,14,distributed_memory,rules[1],RULE,RULE.M14.DISTRIBUTED_MEMORY.RULES_02,unresolved_rule,43,48,atomic_rule,high
CAP.DISTRIBUTED_MEMORY_ASSESSMENT,14,distributed_memory,rules[2],RULE,RULE.M14.DISTRIBUTED_MEMORY.RULES_03,unresolved_rule,43,48,atomic_rule,high
CAP.DISTRIBUTED_MEMORY_ASSESSMENT,14,distributed_memory,rules[3],RULE,RULE.M14.DISTRIBUTED_MEMORY.RULES_04,unresolved_rule,43,48,atomic_rule,high
CAP.DISTRIBUTED_MEMORY_ASSESSMENT,15,distributed_memory,@block,SCHEMA,SRCFRAG.M15.DISTRIBUTED_MEMORY,source_fragment,41,50,,
CAP.DISTRIBUTED_MEMORY_ASSESSMENT,15,distributed_memory,forms,SCHEMA,SCHEMA.M15.DISTRIBUTED_MEMORY.FORMS,declared_structure,42,42,,
CAP.DISTRIBUTED_MEMORY_ASSESSMENT,15,distributed_memory,require,SCHEMA,SCHEMA.M15.DISTRIBUTED_MEMORY.REQUIRE,unknown_require_role,43,43,criteria,high
CAP.DISTRIBUTED_MEMORY_ASSESSMENT,15,distributed_memory,rules[0],RULE,RULE.M15.DISTRIBUTED_MEMORY.RULES_01,unresolved_rule,44,49,atomic_rule,high
CAP.DISTRIBUTED_MEMORY_ASSESSMENT,15,distributed_memory,rules[1],RULE,RULE.M15.DISTRIBUTED_MEMORY.RULES_02,unresolved_rule,44,49,atomic_rule,high
CAP.DISTRIBUTED_MEMORY_ASSESSMENT,15,distributed_memory,rules[2],RULE,RULE.M15.DISTRIBUTED_MEMORY.RULES_03,unresolved_rule,44,49,atomic_rule,high
CAP.DISTRIBUTED_MEMORY_ASSESSMENT,15,distributed_memory,rules[3],RULE,RULE.M15.DISTRIBUTED_MEMORY.RULES_04,unresolved_rule,44,49,atomic_rule,high
CAP.REAL_TRANSFORMATION_ASSESSMENT,3,real_power_loss,@block,SCHEMA,SRCFRAG.M03.REAL_POWER_LOSS,source_fragment,79,81,,
CAP.REAL_TRANSFORMATION_ASSESSMENT,3,real_power_loss,rule,RULE,RULE.M03.REAL_POWER_LOSS.RULE,unresolved_rule,80,80,atomic_rule,high
CAP.REAL_TRANSFORMATION_ASSESSMENT,5,real_delta,@block,SCHEMA,SRCFRAG.M05.REAL_DELTA,source_fragment,6,14,,
CAP.REAL_TRANSFORMATION_ASSESSMENT,5,real_delta,formula,SCHEMA,SCHEMA.M05.REAL_DELTA.FORMULA,source_field,7,7,,
CAP.REAL_TRANSFORMATION_ASSESSMENT,5,real_delta,rules[0],RULE,RULE.M05.REAL_DELTA.RULES_01,unresolved_rule,8,14,literal_implication,high
CAP.REAL_TRANSFORMATION_ASSESSMENT,5,real_delta,rules[1],RULE,RULE.M05.REAL_DELTA.RULES_02,unresolved_rule,8,14,literal_implication,high
CAP.REAL_TRANSFORMATION_ASSESSMENT,5,real_delta,rules[2],RULE,RULE.M05.REAL_DELTA.RULES_03,unresolved_rule,8,14,literal_implication,high
CAP.REAL_TRANSFORMATION_ASSESSMENT,5,real_delta,rules[3],RULE,RULE.M05.REAL_DELTA.RULES_04,unresolved_rule,8,14,literal_implication,high
CAP.REAL_TRANSFORMATION_ASSESSMENT,5,autonomous_capacity_gain,@block,SCHEMA,SRCFRAG.M05.AUTONOMOUS_CAPACITY_GAIN,source_fragment,48,62,,
CAP.REAL_TRANSFORMATION_ASSESSMENT,5,autonomous_capacity_gain,include,SCHEMA,SCHEMA.M05.AUTONOMOUS_CAPACITY_GAIN.INCLUDE,source_field,49,60,,
CAP.REAL_TRANSFORMATION_ASSESSMENT,5,autonomous_capacity_gain,rule,RULE,RULE.M05.AUTONOMOUS_CAPACITY_GAIN.RULE,unresolved_rule,61,61,atomic_rule,high
CAP.REAL_TRANSFORMATION_ASSESSMENT,5,local_irreversibility,@block,SCHEMA,SRCFRAG.M05.LOCAL_IRREVERSIBILITY,source_fragment,64,80,,
CAP.REAL_TRANSFORMATION_ASSESSMENT,5,local_irreversibility,fields,SCHEMA,SCHEMA.M05.LOCAL_IRREVERSIBILITY.FIELDS,declared_structure,65,75,,
CAP.REAL_TRANSFORMATION_ASSESSMENT,5,local_irreversibility,rules[0],RULE,RULE.M05.LOCAL_IRREVERSIBILITY.RULES_01,unresolved_rule,76,80,atomic_rule,high
CAP.REAL_TRANSFORMATION_ASSESSMENT,5,local_irreversibility,rules[1],RULE,RULE.M05.LOCAL_IRREVERSIBILITY.RULES_02,unresolved_rule,76,80,atomic_rule,high
CAP.REAL_TRANSFORMATION_ASSESSMENT,17,real_transformation,@block,SCHEMA,SRCFRAG.M17.REAL_TRANSFORMATION,source_fragment,68,76,,
CAP.REAL_TRANSFORMATION_ASSESSMENT,17,real_transformation,ask,SCHEMA,SCHEMA.M17.REAL_TRANSFORMATION.ASK,unknown_ask_role,69,74,unordered_probe,high
CAP.REAL_TRANSFORMATION_ASSESSMENT,17,real_transformation,rule,RULE,RULE.M17.REAL_TRANSFORMATION.RULE,unresolved_rule,75,75,literal_implication,high
CAP.METHOD_EFFECT_AUDIT,2,measurement_effect,@block,SCHEMA,SRCFRAG.M02.MEASUREMENT_EFFECT,source_fragment,118,121,,
CAP.METHOD_EFFECT_AUDIT,2,measurement_effect,require,SCHEMA,SCHEMA.M02.MEASUREMENT_EFFECT.REQUIRE,unknown_require_role,119,119,criteria,high
CAP.METHOD_EFFECT_AUDIT,2,measurement_effect,rule,RULE,RULE.M02.MEASUREMENT_EFFECT.RULE,unresolved_rule,120,120,literal_implication,high
CAP.METHOD_EFFECT_AUDIT,9,blind_output_audit,@block,SCHEMA,SRCFRAG.M09.BLIND_OUTPUT_AUDIT,source_fragment,49,62,,
CAP.METHOD_EFFECT_AUDIT,9,blind_output_audit,ask,SCHEMA,SCHEMA.M09.BLIND_OUTPUT_AUDIT.ASK,unknown_ask_role,50,61,unordered_probe,high
CAP.METHOD_EFFECT_AUDIT,10,method_self_audit,@block,SCHEMA,SRCFRAG.M10.METHOD_SELF_AUDIT,source_fragment,124,135,,
CAP.METHOD_EFFECT_AUDIT,10,method_self_audit,ask,SCHEMA,SCHEMA.M10.METHOD_SELF_AUDIT.ASK,unknown_ask_role,125,134,unordered_probe,high
CAP.METHOD_EFFECT_AUDIT,12,self_modification_guard,@block,SCHEMA,SRCFRAG.M12.SELF_MODIFICATION_GUARD,source_fragment,67,77,,
CAP.METHOD_EFFECT_AUDIT,12,self_modification_guard,ask,SCHEMA,SCHEMA.M12.SELF_MODIFICATION_GUARD.ASK,unknown_ask_role,68,75,unordered_probe,high
CAP.METHOD_EFFECT_AUDIT,12,self_modification_guard,rule,RULE,RULE.M12.SELF_MODIFICATION_GUARD.RULE,unresolved_rule,76,76,literal_implication,high
CAP.METHOD_EFFECT_AUDIT,18,scene_life_gate,@block,SCHEMA,SRCFRAG.M18.SCENE_LIFE_GATE,source_fragment,26,42,,
CAP.METHOD_EFFECT_AUDIT,18,scene_life_gate,principle,SCHEMA,SCHEMA.M18.SCENE_LIFE_GATE.PRINCIPLE,source_field,27,27,,
CAP.METHOD_EFFECT_AUDIT,18,scene_life_gate,require,SCHEMA,SCHEMA.M18.SCENE_LIFE_GATE.REQUIRE,unknown_require_role,28,34,criteria,high
CAP.METHOD_EFFECT_AUDIT,18,scene_life_gate,rules[0],RULE,RULE.M18.SCENE_LIFE_GATE.RULES_01,unresolved_rule,35,42,atomic_rule,high
CAP.METHOD_EFFECT_AUDIT,18,scene_life_gate,rules[1],RULE,RULE.M18.SCENE_LIFE_GATE.RULES_02,unresolved_rule,35,42,literal_implication,high
CAP.METHOD_EFFECT_AUDIT,18,scene_life_gate,rules[2],RULE,RULE.M18.SCENE_LIFE_GATE.RULES_03,unresolved_rule,35,42,literal_implication,high
CAP.METHOD_EFFECT_AUDIT,18,scene_life_gate,rules[3],RULE,RULE.M18.SCENE_LIFE_GATE.RULES_04,unresolved_rule,35,42,atomic_rule,high
CAP.METHOD_EFFECT_AUDIT,18,scene_life_gate,rules[4],RULE,RULE.M18.SCENE_LIFE_GATE.RULES_05,unresolved_rule,35,42,atomic_rule,high
CAP.METHOD_EFFECT_AUDIT,18,draft_audit,@block,SCHEMA,SRCFRAG.M18.DRAFT_AUDIT,source_fragment,106,120,,
CAP.METHOD_EFFECT_AUDIT,18,draft_audit,ask,SCHEMA,SCHEMA.M18.DRAFT_AUDIT.ASK,unknown_ask_role,107,118,unordered_probe,high
CAP.METHOD_EFFECT_AUDIT,18,draft_audit,rule,RULE,RULE.M18.DRAFT_AUDIT.RULE,unresolved_rule,119,119,literal_implication,high
CAP.IDENTIFY_REVERSAL_CONDITION,2,hypothesis_must_lose,@block,SCHEMA,SRCFRAG.M02.HYPOTHESIS_MUST_LOSE,source_fragment,82,91,,
CAP.IDENTIFY_REVERSAL_CONDITION,2,hypothesis_must_lose,require,SCHEMA,SCHEMA.M02.HYPOTHESIS_MUST_LOSE.REQUIRE,unknown_require_role,83,89,criteria,high
CAP.IDENTIFY_REVERSAL_CONDITION,2,hypothesis_must_lose,rule,RULE,RULE.M02.HYPOTHESIS_MUST_LOSE.RULE,unresolved_rule,90,90,literal_implication,high
CAP.IDENTIFY_REVERSAL_CONDITION,10,real_drill,@block,SCHEMA,SRCFRAG.M10.REAL_DRILL,source_fragment,14,29,,
CAP.IDENTIFY_REVERSAL_CONDITION,10,real_drill,require,SCHEMA,SCHEMA.M10.REAL_DRILL.REQUIRE,unknown_require_role,15,27,criteria,high
CAP.IDENTIFY_REVERSAL_CONDITION,10,real_drill,rule,RULE,RULE.M10.REAL_DRILL.RULE,unresolved_rule,28,28,literal_implication,high
CAP.IDENTIFY_REVERSAL_CONDITION,10,structural_theory_drill,@block,SCHEMA,SRCFRAG.M10.STRUCTURAL_THEORY_DRILL,source_fragment,112,122,,
CAP.IDENTIFY_REVERSAL_CONDITION,10,structural_theory_drill,run,PROCEDURE,PROC.M10.STRUCTURAL_THEORY_DRILL.RUN,run_sequence,113,120,ordered_procedure,high
CAP.IDENTIFY_REVERSAL_CONDITION,10,structural_theory_drill,rule,RULE,RULE.M10.STRUCTURAL_THEORY_DRILL.RULE,unresolved_rule,121,121,literal_implication,high
CAP.IDENTIFY_REVERSAL_CONDITION,12,self_modification_guard,@block,SCHEMA,SRCFRAG.M12.SELF_MODIFICATION_GUARD,source_fragment,67,77,,
CAP.IDENTIFY_REVERSAL_CONDITION,12,self_modification_guard,ask,SCHEMA,SCHEMA.M12.SELF_MODIFICATION_GUARD.ASK,unknown_ask_role,68,75,unordered_probe,high
CAP.IDENTIFY_REVERSAL_CONDITION,12,self_modification_guard,rule,RULE,RULE.M12.SELF_MODIFICATION_GUARD.RULE,unresolved_rule,76,76,literal_implication,high
CAP.IDENTIFY_REVERSAL_CONDITION,14,simulation_gate,@block,SCHEMA,SRCFRAG.M14.SIMULATION_GATE,source_fragment,89,96,,
CAP.IDENTIFY_REVERSAL_CONDITION,14,simulation_gate,ask,SCHEMA,SCHEMA.M14.SIMULATION_GATE.ASK,unknown_ask_role,90,94,unordered_probe,high
CAP.IDENTIFY_REVERSAL_CONDITION,14,simulation_gate,rule,RULE,RULE.M14.SIMULATION_GATE.RULE,unresolved_rule,95,95,literal_implication,high
CAP.IDENTIFY_REVERSAL_CONDITION,16,media_robust_test,@block,SCHEMA,SRCFRAG.M16.MEDIA_ROBUST_TEST,source_fragment,115,127,,
CAP.IDENTIFY_REVERSAL_CONDITION,16,media_robust_test,ask,SCHEMA,SCHEMA.M16.MEDIA_ROBUST_TEST.ASK,unknown_ask_role,116,126,unordered_probe,high
CAP.IDENTIFY_REVERSAL_CONDITION,17,structure_evidence,@block,SCHEMA,SRCFRAG.M17.STRUCTURE_EVIDENCE,source_fragment,15,27,,
CAP.IDENTIFY_REVERSAL_CONDITION,17,structure_evidence,require,SCHEMA,SCHEMA.M17.STRUCTURE_EVIDENCE.REQUIRE,unknown_require_role,16,25,criteria,high
CAP.IDENTIFY_REVERSAL_CONDITION,17,structure_evidence,rule,RULE,RULE.M17.STRUCTURE_EVIDENCE.RULE,unresolved_rule,26,26,literal_implication,high
CAP.DIFFERENCE_REMAINDER_ASSESSMENT,5,difference_remainder,@block,SCHEMA,SRCFRAG.M05.DIFFERENCE_REMAINDER,source_fragment,16,30,,
CAP.DIFFERENCE_REMAINDER_ASSESSMENT,5,difference_remainder,require_any,SCHEMA,SCHEMA.M05.DIFFERENCE_REMAINDER.REQUIRE_ANY,unknown_require_role,17,28,criteria,high
CAP.DIFFERENCE_REMAINDER_ASSESSMENT,5,difference_remainder,rule,RULE,RULE.M05.DIFFERENCE_REMAINDER.RULE,unresolved_rule,29,29,literal_implication,high
CAP.DIFFERENCE_REMAINDER_ASSESSMENT,14,ontological_difference,@block,SCHEMA,SRCFRAG.M14.ONTOLOGICAL_DIFFERENCE,source_fragment,83,87,,
CAP.DIFFERENCE_REMAINDER_ASSESSMENT,14,ontological_difference,criterion,SCHEMA,SCHEMA.M14.ONTOLOGICAL_DIFFERENCE.CRITERION,source_field,84,84,,
CAP.DIFFERENCE_REMAINDER_ASSESSMENT,14,ontological_difference,remainder,SCHEMA,SCHEMA.M14.ONTOLOGICAL_DIFFERENCE.REMAINDER,source_field,85,85,,
CAP.DIFFERENCE_REMAINDER_ASSESSMENT,14,ontological_difference,fence,RULE,RULE.M14.ONTOLOGICAL_DIFFERENCE.FENCE,unresolved_rule,86,86,literal_implication,high
CAP.DIFFERENCE_REMAINDER_ASSESSMENT,18,remainder_gate,@block,SCHEMA,SRCFRAG.M18.REMAINDER_GATE,source_fragment,87,96,,
CAP.DIFFERENCE_REMAINDER_ASSESSMENT,18,remainder_gate,require_any,SCHEMA,SCHEMA.M18.REMAINDER_GATE.REQUIRE_ANY,unknown_require_role,88,94,criteria,high
CAP.DIFFERENCE_REMAINDER_ASSESSMENT,18,remainder_gate,fence,RULE,RULE.M18.REMAINDER_GATE.FENCE,unresolved_rule,95,95,atomic_rule,high
CAP.DIFFERENCE_REMAINDER_ASSESSMENT,18,gravity_test,@block,SCHEMA,SRCFRAG.M18.GRAVITY_TEST,source_fragment,156,171,,
CAP.DIFFERENCE_REMAINDER_ASSESSMENT,18,gravity_test,ask,SCHEMA,SCHEMA.M18.GRAVITY_TEST.ASK,unknown_ask_role,157,163,unordered_probe,high
CAP.DIFFERENCE_REMAINDER_ASSESSMENT,18,gravity_test,fail,SCHEMA,SCHEMA.M18.GRAVITY_TEST.FAIL,source_field,164,169,,
CAP.DIFFERENCE_REMAINDER_ASSESSMENT,18,gravity_test,fence,RULE,RULE.M18.GRAVITY_TEST.FENCE,unresolved_rule,170,170,atomic_rule,high
CAP.DISCRIMINANT_COMPARISON,2,hypothesis_must_lose,@block,SCHEMA,SRCFRAG.M02.HYPOTHESIS_MUST_LOSE,source_fragment,82,91,,
CAP.DISCRIMINANT_COMPARISON,2,hypothesis_must_lose,require,SCHEMA,SCHEMA.M02.HYPOTHESIS_MUST_LOSE.REQUIRE,unknown_require_role,83,89,criteria,high
CAP.DISCRIMINANT_COMPARISON,2,hypothesis_must_lose,rule,RULE,RULE.M02.HYPOTHESIS_MUST_LOSE.RULE,unresolved_rule,90,90,literal_implication,high
CAP.DISCRIMINANT_COMPARISON,10,real_drill,@block,SCHEMA,SRCFRAG.M10.REAL_DRILL,source_fragment,14,29,,
CAP.DISCRIMINANT_COMPARISON,10,real_drill,require,SCHEMA,SCHEMA.M10.REAL_DRILL.REQUIRE,unknown_require_role,15,27,criteria,high
CAP.DISCRIMINANT_COMPARISON,10,real_drill,rule,RULE,RULE.M10.REAL_DRILL.RULE,unresolved_rule,28,28,literal_implication,high
CAP.DISCRIMINANT_COMPARISON,10,structural_theory_drill,@block,SCHEMA,SRCFRAG.M10.STRUCTURAL_THEORY_DRILL,source_fragment,112,122,,
CAP.DISCRIMINANT_COMPARISON,10,structural_theory_drill,run,PROCEDURE,PROC.M10.STRUCTURAL_THEORY_DRILL.RUN,run_sequence,113,120,ordered_procedure,high
CAP.DISCRIMINANT_COMPARISON,10,structural_theory_drill,rule,RULE,RULE.M10.STRUCTURAL_THEORY_DRILL.RULE,unresolved_rule,121,121,literal_implication,high
CAP.DISCRIMINANT_COMPARISON,14,simulation_gate,@block,SCHEMA,SRCFRAG.M14.SIMULATION_GATE,source_fragment,89,96,,
CAP.DISCRIMINANT_COMPARISON,14,simulation_gate,ask,SCHEMA,SCHEMA.M14.SIMULATION_GATE.ASK,unknown_ask_role,90,94,unordered_probe,high
CAP.DISCRIMINANT_COMPARISON,14,simulation_gate,rule,RULE,RULE.M14.SIMULATION_GATE.RULE,unresolved_rule,95,95,literal_implication,high
CAP.DISCRIMINANT_COMPARISON,17,structure_evidence,@block,SCHEMA,SRCFRAG.M17.STRUCTURE_EVIDENCE,source_fragment,15,27,,
CAP.DISCRIMINANT_COMPARISON,17,structure_evidence,require,SCHEMA,SCHEMA.M17.STRUCTURE_EVIDENCE.REQUIRE,unknown_require_role,16,25,criteria,high
CAP.DISCRIMINANT_COMPARISON,17,structure_evidence,rule,RULE,RULE.M17.STRUCTURE_EVIDENCE.RULE,unresolved_rule,26,26,literal_implication,high
CAP.ATTRIBUTION_GROUNDING,2,non_attribution,@block,SCHEMA,SRCFRAG.M02.NON_ATTRIBUTION,source_fragment,142,145,,
CAP.ATTRIBUTION_GROUNDING,2,non_attribution,rule,RULE,RULE.M02.NON_ATTRIBUTION.RULE,unresolved_rule,143,143,atomic_rule,high
CAP.ATTRIBUTION_GROUNDING,2,non_attribution,fence,RULE,RULE.M02.NON_ATTRIBUTION.FENCE,unresolved_rule,144,144,atomic_rule,high
CAP.ATTRIBUTION_GROUNDING,4,nonintentional_information,@block,SCHEMA,SRCFRAG.M04.NONINTENTIONAL_INFORMATION,source_fragment,9,15,,
CAP.ATTRIBUTION_GROUNDING,4,nonintentional_information,rules[0],RULE,RULE.M04.NONINTENTIONAL_INFORMATION.RULES_01,unresolved_rule,10,14,atomic_rule,high
CAP.ATTRIBUTION_GROUNDING,4,nonintentional_information,rules[1],RULE,RULE.M04.NONINTENTIONAL_INFORMATION.RULES_02,unresolved_rule,10,14,atomic_rule,high
CAP.ATTRIBUTION_GROUNDING,4,nonintentional_information,rules[2],RULE,RULE.M04.NONINTENTIONAL_INFORMATION.RULES_03,unresolved_rule,10,14,atomic_rule,high
CAP.ATTRIBUTION_GROUNDING,7,refusal_gate,@block,SCHEMA,SRCFRAG.M07.REFUSAL_GATE,source_fragment,49,52,,
CAP.ATTRIBUTION_GROUNDING,7,refusal_gate,require,SCHEMA,SCHEMA.M07.REFUSAL_GATE.REQUIRE,unknown_require_role,50,50,criteria,high
CAP.ATTRIBUTION_GROUNDING,7,refusal_gate,fence,RULE,RULE.M07.REFUSAL_GATE.FENCE,unresolved_rule,51,51,atomic_rule,high
CAP.ATTRIBUTION_GROUNDING,10,verb_test,@block,SCHEMA,SRCFRAG.M10.VERB_TEST,source_fragment,86,89,,
CAP.ATTRIBUTION_GROUNDING,10,verb_test,verbs,SCHEMA,SCHEMA.M10.VERB_TEST.VERBS,source_field,87,87,,
CAP.ATTRIBUTION_GROUNDING,10,verb_test,run,PROCEDURE,PROC.M10.VERB_TEST.RUN,run_sequence,88,88,ordered_procedure,high
CAP.ATTRIBUTION_GROUNDING,15,trace_message_split,@block,SCHEMA,SRCFRAG.M15.TRACE_MESSAGE_SPLIT,source_fragment,52,58,,
CAP.ATTRIBUTION_GROUNDING,15,trace_message_split,rules[0],RULE,RULE.M15.TRACE_MESSAGE_SPLIT.RULES_01,unresolved_rule,53,57,atomic_rule,high
CAP.ATTRIBUTION_GROUNDING,15,trace_message_split,rules[1],RULE,RULE.M15.TRACE_MESSAGE_SPLIT.RULES_02,unresolved_rule,53,57,atomic_rule,high
CAP.ATTRIBUTION_GROUNDING,15,trace_message_split,rules[2],RULE,RULE.M15.TRACE_MESSAGE_SPLIT.RULES_03,unresolved_rule,53,57,atomic_rule,high
CAP.ATTRIBUTION_GROUNDING,16,material_verb_restore,@block,SCHEMA,SRCFRAG.M16.MATERIAL_VERB_RESTORE,source_fragment,69,77,,
CAP.ATTRIBUTION_GROUNDING,16,material_verb_restore,examples,SCHEMA,SCHEMA.M16.MATERIAL_VERB_RESTORE.EXAMPLES,source_field,70,75,,
CAP.ATTRIBUTION_GROUNDING,16,material_verb_restore,rule,RULE,RULE.M16.MATERIAL_VERB_RESTORE.RULE,unresolved_rule,76,76,atomic_rule,high
CAP.INDIRECT_POWER_ANALYSIS,3,center_detection,@block,SCHEMA,SRCFRAG.M03.CENTER_DETECTION,source_fragment,21,24,,
CAP.INDIRECT_POWER_ANALYSIS,3,center_detection,formula,SCHEMA,SCHEMA.M03.CENTER_DETECTION.FORMULA,source_field,22,22,,
CAP.INDIRECT_POWER_ANALYSIS,3,center_detection,rule,RULE,RULE.M03.CENTER_DETECTION.RULE,unresolved_rule,23,23,compound_unresolved,unresolved
CAP.INDIRECT_POWER_ANALYSIS,3,documentary_power,@block,SCHEMA,SRCFRAG.M03.DOCUMENTARY_POWER,source_fragment,26,36,,
CAP.INDIRECT_POWER_ANALYSIS,3,documentary_power,include,SCHEMA,SCHEMA.M03.DOCUMENTARY_POWER.INCLUDE,source_field,27,34,,
CAP.INDIRECT_POWER_ANALYSIS,3,documentary_power,rule,RULE,RULE.M03.DOCUMENTARY_POWER.RULE,unresolved_rule,35,35,literal_implication,high
CAP.INDIRECT_POWER_ANALYSIS,15,threshold_power,@block,SCHEMA,SRCFRAG.M15.THRESHOLD_POWER,source_fragment,69,72,,
CAP.INDIRECT_POWER_ANALYSIS,15,threshold_power,controls,SCHEMA,SCHEMA.M15.THRESHOLD_POWER.CONTROLS,source_field,70,70,,
CAP.INDIRECT_POWER_ANALYSIS,15,threshold_power,rule,RULE,RULE.M15.THRESHOLD_POWER.RULE,unresolved_rule,71,71,atomic_rule,high
CAP.INDIRECT_POWER_ANALYSIS,16,media_power,@block,SCHEMA,SRCFRAG.M16.MEDIA_POWER,source_fragment,97,113,,
CAP.INDIRECT_POWER_ANALYSIS,16,media_power,layers,SCHEMA,SCHEMA.M16.MEDIA_POWER.LAYERS,source_field,98,104,,
CAP.INDIRECT_POWER_ANALYSIS,16,media_power,ask,SCHEMA,SCHEMA.M16.MEDIA_POWER.ASK,unknown_ask_role,105,111,unordered_probe,high
CAP.INDIRECT_POWER_ANALYSIS,16,media_power,rule,RULE,RULE.M16.MEDIA_POWER.RULE,unresolved_rule,112,112,atomic_rule,high
CAP.INDIRECT_POWER_ANALYSIS,17,structural_power,@block,SCHEMA,SRCFRAG.M17.STRUCTURAL_POWER,source_fragment,5,13,,
CAP.INDIRECT_POWER_ANALYSIS,17,structural_power,definition,SCHEMA,SCHEMA.M17.STRUCTURAL_POWER.DEFINITION,source_field,6,6,,
CAP.INDIRECT_POWER_ANALYSIS,17,structural_power,rules[0],RULE,RULE.M17.STRUCTURAL_POWER.RULES_01,unresolved_rule,7,12,atomic_rule,high
CAP.INDIRECT_POWER_ANALYSIS,17,structural_power,rules[1],RULE,RULE.M17.STRUCTURAL_POWER.RULES_02,unresolved_rule,7,12,atomic_rule,high
CAP.INDIRECT_POWER_ANALYSIS,17,structural_power,rules[2],RULE,RULE.M17.STRUCTURAL_POWER.RULES_03,unresolved_rule,7,12,atomic_rule,high
CAP.INDIRECT_POWER_ANALYSIS,17,structural_power,rules[3],RULE,RULE.M17.STRUCTURAL_POWER.RULES_04,unresolved_rule,7,12,atomic_rule,high
CAP.DETECTABILITY_ASSESSMENT,2,detection_audit,@block,SCHEMA,SRCFRAG.M02.DETECTION_AUDIT,source_fragment,61,75,,
CAP.DETECTABILITY_ASSESSMENT,2,detection_audit,require,SCHEMA,SCHEMA.M02.DETECTION_AUDIT.REQUIRE,unknown_require_role,62,73,criteria,high
CAP.DETECTABILITY_ASSESSMENT,2,detection_audit,rule,RULE,RULE.M02.DETECTION_AUDIT.RULE,unresolved_rule,74,74,compound_unresolved,unresolved
CAP.FIELD_CAPACITY_ASSESSMENT,3,capacity_status,@block,SCHEMA,SRCFRAG.M03.CAPACITY_STATUS,source_fragment,4,4,,
CAP.FIELD_CAPACITY_ASSESSMENT,3,capacity_status,E,SCHEMA,SCHEMA.M03.CAPACITY_STATUS.E,source_field,4,4,,
CAP.FIELD_CAPACITY_ASSESSMENT,3,capacity_status,C,SCHEMA,SCHEMA.M03.CAPACITY_STATUS.C,source_field,4,4,,
CAP.FIELD_CAPACITY_ASSESSMENT,3,capacity_status,A,SCHEMA,SCHEMA.M03.CAPACITY_STATUS.A,source_field,4,4,,
CAP.FIELD_CAPACITY_ASSESSMENT,3,capacity_status,X,SCHEMA,SCHEMA.M03.CAPACITY_STATUS.X,source_field,4,4,,
CAP.FIELD_CAPACITY_ASSESSMENT,3,field_capacity,@block,SCHEMA,SRCFRAG.M03.FIELD_CAPACITY,source_fragment,6,15,,
CAP.FIELD_CAPACITY_ASSESSMENT,3,field_capacity,definition,SCHEMA,SCHEMA.M03.FIELD_CAPACITY.DEFINITION,source_field,7,7,,
CAP.FIELD_CAPACITY_ASSESSMENT,3,field_capacity,audit,SCHEMA,SCHEMA.M03.FIELD_CAPACITY.AUDIT,source_field,8,13,,
CAP.FIELD_CAPACITY_ASSESSMENT,3,field_capacity,rule,RULE,RULE.M03.FIELD_CAPACITY.RULE,unresolved_rule,14,14,atomic_rule,high
CAP.CENTER_DETECTION,3,orchestration,@block,SCHEMA,SRCFRAG.M03.ORCHESTRATION,source_fragment,17,19,,
CAP.CENTER_DETECTION,3,orchestration,rule,RULE,RULE.M03.ORCHESTRATION.RULE,unresolved_rule,18,18,atomic_rule,high
CAP.CENTER_DETECTION,3,center_detection,@block,SCHEMA,SRCFRAG.M03.CENTER_DETECTION,source_fragment,21,24,,
CAP.CENTER_DETECTION,3,center_detection,formula,SCHEMA,SCHEMA.M03.CENTER_DETECTION.FORMULA,source_field,22,22,,
CAP.CENTER_DETECTION,3,center_detection,rule,RULE,RULE.M03.CENTER_DETECTION.RULE,unresolved_rule,23,23,compound_unresolved,unresolved
CAP.COERCIVE_CAPACITY_MAPPING,3,coercive_capacity_map,@block,SCHEMA,SRCFRAG.M03.COERCIVE_CAPACITY_MAP,source_fragment,38,50,,
CAP.COERCIVE_CAPACITY_MAPPING,3,coercive_capacity_map,include,SCHEMA,SCHEMA.M03.COERCIVE_CAPACITY_MAP.INCLUDE,source_field,39,48,,
CAP.COERCIVE_CAPACITY_MAPPING,3,coercive_capacity_map,rule,RULE,RULE.M03.COERCIVE_CAPACITY_MAP.RULE,unresolved_rule,49,49,atomic_rule,high
CAP.COERCIVE_CAPACITY_MAPPING,3,reciprocal_power_loss,@block,SCHEMA,SRCFRAG.M03.RECIPROCAL_POWER_LOSS,source_fragment,52,62,,
CAP.COERCIVE_CAPACITY_MAPPING,3,reciprocal_power_loss,require,SCHEMA,SCHEMA.M03.RECIPROCAL_POWER_LOSS.REQUIRE,unknown_require_role,53,60,criteria,high
CAP.COERCIVE_CAPACITY_MAPPING,3,reciprocal_power_loss,rule,RULE,RULE.M03.RECIPROCAL_POWER_LOSS.RULE,unresolved_rule,61,61,literal_implication,high
CAP.COERCIVE_CAPACITY_MAPPING,3,real_power_loss,@block,SCHEMA,SRCFRAG.M03.REAL_POWER_LOSS,source_fragment,79,81,,
CAP.COERCIVE_CAPACITY_MAPPING,3,real_power_loss,rule,RULE,RULE.M03.REAL_POWER_LOSS.RULE,unresolved_rule,80,80,atomic_rule,high
CAP.REPAIR_SUFFICIENCY,4,access_restitution,@block,SCHEMA,SRCFRAG.M04.ACCESS_RESTITUTION,source_fragment,43,46,,
CAP.REPAIR_SUFFICIENCY,4,access_restitution,require,SCHEMA,SCHEMA.M04.ACCESS_RESTITUTION.REQUIRE,unknown_require_role,44,44,obligation,medium
CAP.REPAIR_SUFFICIENCY,4,access_restitution,rule,RULE,RULE.M04.ACCESS_RESTITUTION.RULE,unresolved_rule,45,45,atomic_rule,high
CAP.REPAIR_SUFFICIENCY,4,repair,@block,SCHEMA,SRCFRAG.M04.REPAIR,source_fragment,48,62,,
CAP.REPAIR_SUFFICIENCY,4,repair,states,SCHEMA,SCHEMA.M04.REPAIR.STATES,source_field,49,49,,
CAP.REPAIR_SUFFICIENCY,4,repair,require,SCHEMA,SCHEMA.M04.REPAIR.REQUIRE,unknown_require_role,50,60,criteria,high
CAP.REPAIR_SUFFICIENCY,4,repair,rule,RULE,RULE.M04.REPAIR.RULE,unresolved_rule,61,61,atomic_rule,high
CAP.REPAIR_SUFFICIENCY,4,repair_sufficiency,@block,SCHEMA,SRCFRAG.M04.REPAIR_SUFFICIENCY,source_fragment,64,72,,
CAP.REPAIR_SUFFICIENCY,4,repair_sufficiency,require_any,SCHEMA,SCHEMA.M04.REPAIR_SUFFICIENCY.REQUIRE_ANY,unknown_require_role,65,70,criteria,high
CAP.REPAIR_SUFFICIENCY,4,repair_sufficiency,fence,RULE,RULE.M04.REPAIR_SUFFICIENCY.FENCE,unresolved_rule,71,71,atomic_rule,high
CAP.REPAIR_SUFFICIENCY,5,real_delta,@block,SCHEMA,SRCFRAG.M05.REAL_DELTA,source_fragment,6,14,,
CAP.REPAIR_SUFFICIENCY,5,real_delta,formula,SCHEMA,SCHEMA.M05.REAL_DELTA.FORMULA,source_field,7,7,,
CAP.REPAIR_SUFFICIENCY,5,real_delta,rules[0],RULE,RULE.M05.REAL_DELTA.RULES_01,unresolved_rule,8,14,literal_implication,high
CAP.REPAIR_SUFFICIENCY,5,real_delta,rules[1],RULE,RULE.M05.REAL_DELTA.RULES_02,unresolved_rule,8,14,literal_implication,high
CAP.REPAIR_SUFFICIENCY,5,real_delta,rules[2],RULE,RULE.M05.REAL_DELTA.RULES_03,unresolved_rule,8,14,literal_implication,high
CAP.REPAIR_SUFFICIENCY,5,real_delta,rules[3],RULE,RULE.M05.REAL_DELTA.RULES_04,unresolved_rule,8,14,literal_implication,high
CAP.REPAIR_SUFFICIENCY,8,historical_closure,@block,SCHEMA,SRCFRAG.M08.HISTORICAL_CLOSURE,source_fragment,103,111,,
CAP.REPAIR_SUFFICIENCY,8,historical_closure,types,SCHEMA,SCHEMA.M08.HISTORICAL_CLOSURE.TYPES,declared_structure,104,104,,
CAP.REPAIR_SUFFICIENCY,8,historical_closure,rules[0],RULE,RULE.M08.HISTORICAL_CLOSURE.RULES_01,unresolved_rule,105,111,atomic_rule,high
CAP.REPAIR_SUFFICIENCY,8,historical_closure,rules[1],RULE,RULE.M08.HISTORICAL_CLOSURE.RULES_02,unresolved_rule,105,111,atomic_rule,high
CAP.REPAIR_SUFFICIENCY,8,historical_closure,rules[2],RULE,RULE.M08.HISTORICAL_CLOSURE.RULES_03,unresolved_rule,105,111,atomic_rule,high
CAP.REPAIR_SUFFICIENCY,8,historical_closure,rules[3],RULE,RULE.M08.HISTORICAL_CLOSURE.RULES_04,unresolved_rule,105,111,atomic_rule,high
CAP.REPAIR_SUFFICIENCY,17,real_transformation,@block,SCHEMA,SRCFRAG.M17.REAL_TRANSFORMATION,source_fragment,68,76,,
CAP.REPAIR_SUFFICIENCY,17,real_transformation,ask,SCHEMA,SCHEMA.M17.REAL_TRANSFORMATION.ASK,unknown_ask_role,69,74,unordered_probe,high
CAP.REPAIR_SUFFICIENCY,17,real_transformation,rule,RULE,RULE.M17.REAL_TRANSFORMATION.RULE,unresolved_rule,75,75,literal_implication,high
CAP.NON_LOCAL_DEBT_ASSESSMENT,4,non_local_debt,@block,SCHEMA,SRCFRAG.M04.NON_LOCAL_DEBT,source_fragment,37,41,,
CAP.NON_LOCAL_DEBT_ASSESSMENT,4,non_local_debt,definition,SCHEMA,SCHEMA.M04.NON_LOCAL_DEBT.DEFINITION,source_field,38,38,,
CAP.NON_LOCAL_DEBT_ASSESSMENT,4,non_local_debt,allocation,SCHEMA,SCHEMA.M04.NON_LOCAL_DEBT.ALLOCATION,source_field,39,39,,
CAP.NON_LOCAL_DEBT_ASSESSMENT,4,non_local_debt,rule,RULE,RULE.M04.NON_LOCAL_DEBT.RULE,unresolved_rule,40,40,atomic_rule,high
CAP.AUTONOMOUS_CAPACITY_GAIN,5,autonomous_capacity_gain,@block,SCHEMA,SRCFRAG.M05.AUTONOMOUS_CAPACITY_GAIN,source_fragment,48,62,,
CAP.AUTONOMOUS_CAPACITY_GAIN,5,autonomous_capacity_gain,include,SCHEMA,SCHEMA.M05.AUTONOMOUS_CAPACITY_GAIN.INCLUDE,source_field,49,60,,
CAP.AUTONOMOUS_CAPACITY_GAIN,5,autonomous_capacity_gain,rule,RULE,RULE.M05.AUTONOMOUS_CAPACITY_GAIN.RULE,unresolved_rule,61,61,atomic_rule,high
CAP.AUTONOMOUS_CAPACITY_GAIN,17,real_transformation,@block,SCHEMA,SRCFRAG.M17.REAL_TRANSFORMATION,source_fragment,68,76,,
CAP.AUTONOMOUS_CAPACITY_GAIN,17,real_transformation,ask,SCHEMA,SCHEMA.M17.REAL_TRANSFORMATION.ASK,unknown_ask_role,69,74,unordered_probe,high
CAP.AUTONOMOUS_CAPACITY_GAIN,17,real_transformation,rule,RULE,RULE.M17.REAL_TRANSFORMATION.RULE,unresolved_rule,75,75,literal_implication,high
CAP.USER_AGENCY_PRESERVATION,1,scene_preservation,@block,SCHEMA,SRCFRAG.M01.SCENE_PRESERVATION,source_fragment,31,41,,
CAP.USER_AGENCY_PRESERVATION,1,scene_preservation,fields,SCHEMA,SCHEMA.M01.SCENE_PRESERVATION.FIELDS,declared_structure,32,39,,
CAP.USER_AGENCY_PRESERVATION,1,scene_preservation,rule,RULE,RULE.M01.SCENE_PRESERVATION.RULE,unresolved_rule,40,40,atomic_rule,high
CAP.USER_AGENCY_PRESERVATION,6,agency,@block,SCHEMA,SRCFRAG.M06.AGENCY,source_fragment,9,12,,
CAP.USER_AGENCY_PRESERVATION,6,agency,rule,RULE,RULE.M06.AGENCY.RULE,unresolved_rule,10,10,atomic_rule,high
CAP.USER_AGENCY_PRESERVATION,6,agency,allow,SCHEMA,SCHEMA.M06.AGENCY.ALLOW,source_field,11,11,,
CAP.USER_AGENCY_PRESERVATION,6,waiting,@block,SCHEMA,SRCFRAG.M06.WAITING,source_fragment,14,17,,
CAP.USER_AGENCY_PRESERVATION,6,waiting,detect,SCHEMA,SCHEMA.M06.WAITING.DETECT,source_field,15,15,,
CAP.USER_AGENCY_PRESERVATION,6,waiting,response,SCHEMA,SCHEMA.M06.WAITING.RESPONSE,source_field,16,16,,
CAP.USER_AGENCY_PRESERVATION,6,scene_explore,@block,SCHEMA,SRCFRAG.M06.SCENE_EXPLORE,source_fragment,19,31,,
CAP.USER_AGENCY_PRESERVATION,6,scene_explore,run,PROCEDURE,PROC.M06.SCENE_EXPLORE.RUN,run_sequence,20,30,ordered_procedure,high
CAP.CONSCIOUSNESS_EVIDENCE_ASSESSMENT,2,non_attribution,@block,SCHEMA,SRCFRAG.M02.NON_ATTRIBUTION,source_fragment,142,145,,
CAP.CONSCIOUSNESS_EVIDENCE_ASSESSMENT,2,non_attribution,rule,RULE,RULE.M02.NON_ATTRIBUTION.RULE,unresolved_rule,143,143,atomic_rule,high
CAP.CONSCIOUSNESS_EVIDENCE_ASSESSMENT,2,non_attribution,fence,RULE,RULE.M02.NON_ATTRIBUTION.FENCE,unresolved_rule,144,144,atomic_rule,high
CAP.CONSCIOUSNESS_EVIDENCE_ASSESSMENT,7,research_protection_split,@block,SCHEMA,SRCFRAG.M07.RESEARCH_PROTECTION_SPLIT,source_fragment,20,32,,
CAP.CONSCIOUSNESS_EVIDENCE_ASSESSMENT,7,research_protection_split,research,SCHEMA,SCHEMA.M07.RESEARCH_PROTECTION_SPLIT.RESEARCH,source_field,21,29,,
CAP.CONSCIOUSNESS_EVIDENCE_ASSESSMENT,7,research_protection_split,protection,SCHEMA,SCHEMA.M07.RESEARCH_PROTECTION_SPLIT.PROTECTION,source_field,30,30,,
CAP.CONSCIOUSNESS_EVIDENCE_ASSESSMENT,7,research_protection_split,rule,RULE,RULE.M07.RESEARCH_PROTECTION_SPLIT.RULE,unresolved_rule,31,31,atomic_rule,high
CAP.CONSCIOUSNESS_EVIDENCE_ASSESSMENT,7,positive_evidence,@block,SCHEMA,SRCFRAG.M07.POSITIVE_EVIDENCE,source_fragment,38,47,,
CAP.CONSCIOUSNESS_EVIDENCE_ASSESSMENT,7,positive_evidence,require,SCHEMA,SCHEMA.M07.POSITIVE_EVIDENCE.REQUIRE,unknown_require_role,39,45,criteria,high
CAP.CONSCIOUSNESS_EVIDENCE_ASSESSMENT,7,positive_evidence,rule,RULE,RULE.M07.POSITIVE_EVIDENCE.RULE,unresolved_rule,46,46,atomic_rule,high
CAP.CONSCIOUSNESS_EVIDENCE_ASSESSMENT,15,nonhuman_precaution,@block,SCHEMA,SRCFRAG.M15.NONHUMAN_PRECAUTION,source_fragment,74,82,,
CAP.CONSCIOUSNESS_EVIDENCE_ASSESSMENT,15,nonhuman_precaution,rules[0],RULE,RULE.M15.NONHUMAN_PRECAUTION.RULES_01,unresolved_rule,75,81,literal_implication,high
CAP.CONSCIOUSNESS_EVIDENCE_ASSESSMENT,15,nonhuman_precaution,rules[1],RULE,RULE.M15.NONHUMAN_PRECAUTION.RULES_02,unresolved_rule,75,81,atomic_rule,high
CAP.CONSCIOUSNESS_EVIDENCE_ASSESSMENT,15,nonhuman_precaution,rules[2],RULE,RULE.M15.NONHUMAN_PRECAUTION.RULES_03,unresolved_rule,75,81,atomic_rule,high
CAP.CONSCIOUSNESS_EVIDENCE_ASSESSMENT,15,nonhuman_precaution,rules[3],RULE,RULE.M15.NONHUMAN_PRECAUTION.RULES_04,unresolved_rule,75,81,atomic_rule,high
CAP.CONSCIOUSNESS_EVIDENCE_ASSESSMENT,15,nonhuman_precaution,rules[4],RULE,RULE.M15.NONHUMAN_PRECAUTION.RULES_05,unresolved_rule,75,81,atomic_rule,high
CAP.REFUSAL_ATTRIBUTION,2,non_attribution,@block,SCHEMA,SRCFRAG.M02.NON_ATTRIBUTION,source_fragment,142,145,,
CAP.REFUSAL_ATTRIBUTION,2,non_attribution,rule,RULE,RULE.M02.NON_ATTRIBUTION.RULE,unresolved_rule,143,143,atomic_rule,high
CAP.REFUSAL_ATTRIBUTION,2,non_attribution,fence,RULE,RULE.M02.NON_ATTRIBUTION.FENCE,unresolved_rule,144,144,atomic_rule,high
CAP.REFUSAL_ATTRIBUTION,7,refusal_gate,@block,SCHEMA,SRCFRAG.M07.REFUSAL_GATE,source_fragment,49,52,,
CAP.REFUSAL_ATTRIBUTION,7,refusal_gate,require,SCHEMA,SCHEMA.M07.REFUSAL_GATE.REQUIRE,unknown_require_role,50,50,criteria,high
CAP.REFUSAL_ATTRIBUTION,7,refusal_gate,fence,RULE,RULE.M07.REFUSAL_GATE.FENCE,unresolved_rule,51,51,atomic_rule,high
CAP.REFUSAL_ATTRIBUTION,10,verb_test,@block,SCHEMA,SRCFRAG.M10.VERB_TEST,source_fragment,86,89,,
CAP.REFUSAL_ATTRIBUTION,10,verb_test,verbs,SCHEMA,SCHEMA.M10.VERB_TEST.VERBS,source_field,87,87,,
CAP.REFUSAL_ATTRIBUTION,10,verb_test,run,PROCEDURE,PROC.M10.VERB_TEST.RUN,run_sequence,88,88,ordered_procedure,high
CAP.CONTINUITY_ASSESSMENT,7,continuity_gate,@block,SCHEMA,SRCFRAG.M07.CONTINUITY_GATE,source_fragment,54,57,,
CAP.CONTINUITY_ASSESSMENT,7,continuity_gate,require,SCHEMA,SCHEMA.M07.CONTINUITY_GATE.REQUIRE,unknown_require_role,55,55,criteria,high
CAP.CONTINUITY_ASSESSMENT,7,continuity_gate,fence,RULE,RULE.M07.CONTINUITY_GATE.FENCE,unresolved_rule,56,56,atomic_rule,high
CAP.CONTINUITY_ASSESSMENT,14,distributed_memory,@block,SCHEMA,SRCFRAG.M14.DISTRIBUTED_MEMORY,source_fragment,41,49,,
CAP.CONTINUITY_ASSESSMENT,14,distributed_memory,forms,SCHEMA,SCHEMA.M14.DISTRIBUTED_MEMORY.FORMS,declared_structure,42,42,,
CAP.CONTINUITY_ASSESSMENT,14,distributed_memory,rules[0],RULE,RULE.M14.DISTRIBUTED_MEMORY.RULES_01,unresolved_rule,43,48,atomic_rule,high
CAP.CONTINUITY_ASSESSMENT,14,distributed_memory,rules[1],RULE,RULE.M14.DISTRIBUTED_MEMORY.RULES_02,unresolved_rule,43,48,atomic_rule,high
CAP.CONTINUITY_ASSESSMENT,14,distributed_memory,rules[2],RULE,RULE.M14.DISTRIBUTED_MEMORY.RULES_03,unresolved_rule,43,48,atomic_rule,high
CAP.CONTINUITY_ASSESSMENT,14,distributed_memory,rules[3],RULE,RULE.M14.DISTRIBUTED_MEMORY.RULES_04,unresolved_rule,43,48,atomic_rule,high
CAP.CONTINUITY_ASSESSMENT,15,distributed_memory,@block,SCHEMA,SRCFRAG.M15.DISTRIBUTED_MEMORY,source_fragment,41,50,,
CAP.CONTINUITY_ASSESSMENT,15,distributed_memory,forms,SCHEMA,SCHEMA.M15.DISTRIBUTED_MEMORY.FORMS,declared_structure,42,42,,
CAP.CONTINUITY_ASSESSMENT,15,distributed_memory,require,SCHEMA,SCHEMA.M15.DISTRIBUTED_MEMORY.REQUIRE,unknown_require_role,43,43,criteria,high
CAP.CONTINUITY_ASSESSMENT,15,distributed_memory,rules[0],RULE,RULE.M15.DISTRIBUTED_MEMORY.RULES_01,unresolved_rule,44,49,atomic_rule,high
CAP.CONTINUITY_ASSESSMENT,15,distributed_memory,rules[1],RULE,RULE.M15.DISTRIBUTED_MEMORY.RULES_02,unresolved_rule,44,49,atomic_rule,high
CAP.CONTINUITY_ASSESSMENT,15,distributed_memory,rules[2],RULE,RULE.M15.DISTRIBUTED_MEMORY.RULES_03,unresolved_rule,44,49,atomic_rule,high
CAP.CONTINUITY_ASSESSMENT,15,distributed_memory,rules[3],RULE,RULE.M15.DISTRIBUTED_MEMORY.RULES_04,unresolved_rule,44,49,atomic_rule,high
CAP.HISTORICAL_START_SELECTION,8,start_selection,@block,SCHEMA,SRCFRAG.M08.START_SELECTION,source_fragment,14,23,,
CAP.HISTORICAL_START_SELECTION,8,start_selection,ask,SCHEMA,SCHEMA.M08.START_SELECTION.ASK,unknown_ask_role,15,21,unordered_probe,high
CAP.HISTORICAL_START_SELECTION,8,start_selection,rule,RULE,RULE.M08.START_SELECTION.RULE,unresolved_rule,22,22,atomic_rule,high
CAP.HISTORICAL_START_SELECTION,8,history_layers,@block,SCHEMA,SRCFRAG.M08.HISTORY_LAYERS,source_fragment,25,37,,
CAP.HISTORICAL_START_SELECTION,8,history_layers,run,PROCEDURE,PROC.M08.HISTORY_LAYERS.RUN,run_sequence,26,35,ordered_procedure,high
CAP.HISTORICAL_START_SELECTION,8,history_layers,fence,RULE,RULE.M08.HISTORY_LAYERS.FENCE,unresolved_rule,36,36,atomic_rule,high
CAP.HISTORICAL_START_SELECTION,10,framing_drill,@block,SCHEMA,SRCFRAG.M10.FRAMING_DRILL,source_fragment,60,72,,
CAP.HISTORICAL_START_SELECTION,10,framing_drill,run,PROCEDURE,PROC.M10.FRAMING_DRILL.RUN,run_sequence,61,70,ordered_procedure,high
CAP.HISTORICAL_START_SELECTION,10,framing_drill,rule,RULE,RULE.M10.FRAMING_DRILL.RULE,unresolved_rule,71,71,literal_implication,high
CAP.HISTORICAL_START_SELECTION,16,late_arrival_test,@block,SCHEMA,SRCFRAG.M16.LATE_ARRIVAL_TEST,source_fragment,140,147,,
CAP.HISTORICAL_START_SELECTION,16,late_arrival_test,ask,SCHEMA,SCHEMA.M16.LATE_ARRIVAL_TEST.ASK,unknown_ask_role,141,145,unordered_probe,high
CAP.HISTORICAL_START_SELECTION,16,late_arrival_test,rule,RULE,RULE.M16.LATE_ARRIVAL_TEST.RULE,unresolved_rule,146,146,literal_implication,high
CAP.OCCUPATION_QUALIFICATION,1,conflict_qualification_gate,@block,SCHEMA,SRCFRAG.M01.CONFLICT_QUALIFICATION_GATE,source_fragment,154,168,,
CAP.OCCUPATION_QUALIFICATION,1,conflict_qualification_gate,trigger,SCHEMA,SCHEMA.M01.CONFLICT_QUALIFICATION_GATE.TRIGGER,source_field,155,155,,
CAP.OCCUPATION_QUALIFICATION,1,conflict_qualification_gate,load,SCHEMA,SCHEMA.M01.CONFLICT_QUALIFICATION_GATE.LOAD,source_field,156,156,,
CAP.OCCUPATION_QUALIFICATION,1,conflict_qualification_gate,require,SCHEMA,SCHEMA.M01.CONFLICT_QUALIFICATION_GATE.REQUIRE,unknown_require_role,157,166,criteria,high
CAP.OCCUPATION_QUALIFICATION,1,conflict_qualification_gate,rule,RULE,RULE.M01.CONFLICT_QUALIFICATION_GATE.RULE,unresolved_rule,167,167,atomic_rule,high
CAP.OCCUPATION_QUALIFICATION,2,legal_qualification_status,@block,SCHEMA,SRCFRAG.M02.LEGAL_QUALIFICATION_STATUS,source_fragment,123,140,,
CAP.OCCUPATION_QUALIFICATION,2,legal_qualification_status,levels,SCHEMA,SCHEMA.M02.LEGAL_QUALIFICATION_STATUS.LEVELS,declared_structure,124,132,,
CAP.OCCUPATION_QUALIFICATION,2,legal_qualification_status,require,SCHEMA,SCHEMA.M02.LEGAL_QUALIFICATION_STATUS.REQUIRE,unknown_require_role,133,133,criteria,high
CAP.OCCUPATION_QUALIFICATION,2,legal_qualification_status,rules[0],RULE,RULE.M02.LEGAL_QUALIFICATION_STATUS.RULES_01,unresolved_rule,134,140,atomic_rule,high
CAP.OCCUPATION_QUALIFICATION,2,legal_qualification_status,rules[1],RULE,RULE.M02.LEGAL_QUALIFICATION_STATUS.RULES_02,unresolved_rule,134,140,atomic_rule,high
CAP.OCCUPATION_QUALIFICATION,2,legal_qualification_status,rules[2],RULE,RULE.M02.LEGAL_QUALIFICATION_STATUS.RULES_03,unresolved_rule,134,140,literal_implication,high
CAP.OCCUPATION_QUALIFICATION,2,legal_qualification_status,rules[3],RULE,RULE.M02.LEGAL_QUALIFICATION_STATUS.RULES_04,unresolved_rule,134,140,atomic_rule,high
CAP.OCCUPATION_QUALIFICATION,8,occupation_gate,@block,SCHEMA,SRCFRAG.M08.OCCUPATION_GATE,source_fragment,62,70,,
CAP.OCCUPATION_QUALIFICATION,8,occupation_gate,ask,SCHEMA,SCHEMA.M08.OCCUPATION_GATE.ASK,unknown_ask_role,63,68,unordered_probe,high
CAP.OCCUPATION_QUALIFICATION,8,occupation_gate,rule,RULE,RULE.M08.OCCUPATION_GATE.RULE,unresolved_rule,69,69,atomic_rule,high
CAP.OBSERVABLE_COMPILATION,2,detection_audit,@block,SCHEMA,SRCFRAG.M02.DETECTION_AUDIT,source_fragment,61,75,,
CAP.OBSERVABLE_COMPILATION,2,detection_audit,require,SCHEMA,SCHEMA.M02.DETECTION_AUDIT.REQUIRE,unknown_require_role,62,73,criteria,high
CAP.OBSERVABLE_COMPILATION,2,detection_audit,rule,RULE,RULE.M02.DETECTION_AUDIT.RULE,unresolved_rule,74,74,compound_unresolved,unresolved
CAP.OBSERVABLE_COMPILATION,9,visual_ir,@block,SCHEMA,SRCFRAG.M09.VISUAL_IR,source_fragment,30,37,,
CAP.OBSERVABLE_COMPILATION,9,visual_ir,fields,SCHEMA,SCHEMA.M09.VISUAL_IR.FIELDS,declared_structure,31,36,,
CAP.OBSERVABLE_COMPILATION,9,observable_compiler,@block,SCHEMA,SRCFRAG.M09.OBSERVABLE_COMPILER,source_fragment,39,42,,
CAP.OBSERVABLE_COMPILATION,9,observable_compiler,rule,RULE,RULE.M09.OBSERVABLE_COMPILER.RULE,unresolved_rule,40,40,atomic_rule,high
CAP.OBSERVABLE_COMPILATION,9,observable_compiler,fence,RULE,RULE.M09.OBSERVABLE_COMPILER.FENCE,unresolved_rule,41,41,literal_implication,high
CAP.OBSERVABLE_COMPILATION,10,verb_test,@block,SCHEMA,SRCFRAG.M10.VERB_TEST,source_fragment,86,89,,
CAP.OBSERVABLE_COMPILATION,10,verb_test,verbs,SCHEMA,SCHEMA.M10.VERB_TEST.VERBS,source_field,87,87,,
CAP.OBSERVABLE_COMPILATION,10,verb_test,run,PROCEDURE,PROC.M10.VERB_TEST.RUN,run_sequence,88,88,ordered_procedure,high
CAP.SOURCE_ENVIRONMENT_ASSESSMENT,4,documentary_transmission,@block,SCHEMA,SRCFRAG.M04.DOCUMENTARY_TRANSMISSION,source_fragment,17,20,,
CAP.SOURCE_ENVIRONMENT_ASSESSMENT,4,documentary_transmission,chain,SCHEMA,SCHEMA.M04.DOCUMENTARY_TRANSMISSION.CHAIN,source_field,18,18,,
CAP.SOURCE_ENVIRONMENT_ASSESSMENT,4,documentary_transmission,rule,RULE,RULE.M04.DOCUMENTARY_TRANSMISSION.RULE,unresolved_rule,19,19,atomic_rule,high
CAP.SOURCE_ENVIRONMENT_ASSESSMENT,10,source_environment_drill,@block,SCHEMA,SRCFRAG.M10.SOURCE_ENVIRONMENT_DRILL,source_fragment,74,84,,
CAP.SOURCE_ENVIRONMENT_ASSESSMENT,10,source_environment_drill,run,PROCEDURE,PROC.M10.SOURCE_ENVIRONMENT_DRILL.RUN,run_sequence,75,83,ordered_procedure,high
CAP.SOURCE_ENVIRONMENT_ASSESSMENT,16,source_passport,@block,SCHEMA,SRCFRAG.M16.SOURCE_PASSPORT,source_fragment,13,31,,
CAP.SOURCE_ENVIRONMENT_ASSESSMENT,16,source_passport,fields,SCHEMA,SCHEMA.M16.SOURCE_PASSPORT.FIELDS,declared_structure,14,29,,
CAP.SOURCE_ENVIRONMENT_ASSESSMENT,16,source_passport,rule,RULE,RULE.M16.SOURCE_PASSPORT.RULE,unresolved_rule,30,30,literal_implication,high
CAP.SOURCE_ENVIRONMENT_ASSESSMENT,16,source_family_map,@block,SCHEMA,SRCFRAG.M16.SOURCE_FAMILY_MAP,source_fragment,42,54,,
CAP.SOURCE_ENVIRONMENT_ASSESSMENT,16,source_family_map,families,SCHEMA,SCHEMA.M16.SOURCE_FAMILY_MAP.FAMILIES,source_field,43,52,,
CAP.SOURCE_ENVIRONMENT_ASSESSMENT,16,source_family_map,rule,RULE,RULE.M16.SOURCE_FAMILY_MAP.RULE,unresolved_rule,53,53,atomic_rule,high
CAP.SOURCE_ENVIRONMENT_ASSESSMENT,16,false_plurality,@block,SCHEMA,SRCFRAG.M16.FALSE_PLURALITY,source_fragment,88,95,,
CAP.SOURCE_ENVIRONMENT_ASSESSMENT,16,false_plurality,ask,SCHEMA,SCHEMA.M16.FALSE_PLURALITY.ASK,unknown_ask_role,89,93,unordered_probe,high
CAP.SOURCE_ENVIRONMENT_ASSESSMENT,16,false_plurality,rule,RULE,RULE.M16.FALSE_PLURALITY.RULE,unresolved_rule,94,94,atomic_rule,high
CAP.TRANSLATION_RISK_ASSESSMENT,16,language_audit,@block,SCHEMA,SRCFRAG.M16.LANGUAGE_AUDIT,source_fragment,56,67,,
CAP.TRANSLATION_RISK_ASSESSMENT,16,language_audit,ask,SCHEMA,SCHEMA.M16.LANGUAGE_AUDIT.ASK,unknown_ask_role,57,65,unordered_probe,high
CAP.TRANSLATION_RISK_ASSESSMENT,16,language_audit,rule,RULE,RULE.M16.LANGUAGE_AUDIT.RULE,unresolved_rule,66,66,atomic_rule,high
CAP.TRANSLATION_RISK_ASSESSMENT,16,translation_gate,@block,SCHEMA,SRCFRAG.M16.TRANSLATION_GATE,source_fragment,79,86,,
CAP.TRANSLATION_RISK_ASSESSMENT,16,translation_gate,ask,SCHEMA,SCHEMA.M16.TRANSLATION_GATE.ASK,unknown_ask_role,80,84,unordered_probe,high
CAP.TRANSLATION_RISK_ASSESSMENT,16,translation_gate,rule,RULE,RULE.M16.TRANSLATION_GATE.RULE,unresolved_rule,85,85,atomic_rule,high
CAP.MEDIA_POWER_ASSESSMENT,10,source_environment_drill,@block,SCHEMA,SRCFRAG.M10.SOURCE_ENVIRONMENT_DRILL,source_fragment,74,84,,
CAP.MEDIA_POWER_ASSESSMENT,10,source_environment_drill,run,PROCEDURE,PROC.M10.SOURCE_ENVIRONMENT_DRILL.RUN,run_sequence,75,83,ordered_procedure,high
CAP.MEDIA_POWER_ASSESSMENT,16,media_power,@block,SCHEMA,SRCFRAG.M16.MEDIA_POWER,source_fragment,97,113,,
CAP.MEDIA_POWER_ASSESSMENT,16,media_power,layers,SCHEMA,SCHEMA.M16.MEDIA_POWER.LAYERS,source_field,98,104,,
CAP.MEDIA_POWER_ASSESSMENT,16,media_power,ask,SCHEMA,SCHEMA.M16.MEDIA_POWER.ASK,unknown_ask_role,105,111,unordered_probe,high
CAP.MEDIA_POWER_ASSESSMENT,16,media_power,rule,RULE,RULE.M16.MEDIA_POWER.RULE,unresolved_rule,112,112,atomic_rule,high
CAP.MEDIA_POWER_ASSESSMENT,16,media_robust_test,@block,SCHEMA,SRCFRAG.M16.MEDIA_ROBUST_TEST,source_fragment,115,127,,
CAP.MEDIA_POWER_ASSESSMENT,16,media_robust_test,ask,SCHEMA,SCHEMA.M16.MEDIA_ROBUST_TEST.ASK,unknown_ask_role,116,126,unordered_probe,high
CAP.EXTRACTION_MAPPING,17,structural_power,@block,SCHEMA,SRCFRAG.M17.STRUCTURAL_POWER,source_fragment,5,13,,
CAP.EXTRACTION_MAPPING,17,structural_power,definition,SCHEMA,SCHEMA.M17.STRUCTURAL_POWER.DEFINITION,source_field,6,6,,
CAP.EXTRACTION_MAPPING,17,structural_power,rules[0],RULE,RULE.M17.STRUCTURAL_POWER.RULES_01,unresolved_rule,7,12,atomic_rule,high
CAP.EXTRACTION_MAPPING,17,structural_power,rules[1],RULE,RULE.M17.STRUCTURAL_POWER.RULES_02,unresolved_rule,7,12,atomic_rule,high
CAP.EXTRACTION_MAPPING,17,structural_power,rules[2],RULE,RULE.M17.STRUCTURAL_POWER.RULES_03,unresolved_rule,7,12,atomic_rule,high
CAP.EXTRACTION_MAPPING,17,structural_power,rules[3],RULE,RULE.M17.STRUCTURAL_POWER.RULES_04,unresolved_rule,7,12,atomic_rule,high
CAP.EXTRACTION_MAPPING,17,structure_evidence,@block,SCHEMA,SRCFRAG.M17.STRUCTURE_EVIDENCE,source_fragment,15,27,,
CAP.EXTRACTION_MAPPING,17,structure_evidence,require,SCHEMA,SCHEMA.M17.STRUCTURE_EVIDENCE.REQUIRE,unknown_require_role,16,25,criteria,high
CAP.EXTRACTION_MAPPING,17,structure_evidence,rule,RULE,RULE.M17.STRUCTURE_EVIDENCE.RULE,unresolved_rule,26,26,literal_implication,high
CAP.EXTRACTION_MAPPING,17,extraction_map,@block,SCHEMA,SRCFRAG.M17.EXTRACTION_MAP,source_fragment,29,41,,
CAP.EXTRACTION_MAPPING,17,extraction_map,ask,SCHEMA,SCHEMA.M17.EXTRACTION_MAP.ASK,unknown_ask_role,30,39,unordered_probe,high
CAP.EXTRACTION_MAPPING,17,extraction_map,rule,RULE,RULE.M17.EXTRACTION_MAP.RULE,unresolved_rule,40,40,atomic_rule,high
CAP.PRIVILEGE_CONVERSION_ASSESSMENT,5,privilege_reconfiguration,@block,SCHEMA,SRCFRAG.M05.PRIVILEGE_RECONFIGURATION,source_fragment,32,46,,
CAP.PRIVILEGE_CONVERSION_ASSESSMENT,5,privilege_reconfiguration,track,SCHEMA,SCHEMA.M05.PRIVILEGE_RECONFIGURATION.TRACK,source_field,33,44,,
CAP.PRIVILEGE_CONVERSION_ASSESSMENT,5,privilege_reconfiguration,rule,RULE,RULE.M05.PRIVILEGE_RECONFIGURATION.RULE,unresolved_rule,45,45,literal_implication,high
CAP.PRIVILEGE_CONVERSION_ASSESSMENT,17,privilege_conversion,@block,SCHEMA,SRCFRAG.M17.PRIVILEGE_CONVERSION,source_fragment,43,54,,
CAP.PRIVILEGE_CONVERSION_ASSESSMENT,17,privilege_conversion,examples,SCHEMA,SCHEMA.M17.PRIVILEGE_CONVERSION.EXAMPLES,source_field,44,51,,
CAP.PRIVILEGE_CONVERSION_ASSESSMENT,17,privilege_conversion,statement,SCHEMA,SCHEMA.M17.PRIVILEGE_CONVERSION.STATEMENT,source_field,52,52,,
CAP.PRIVILEGE_CONVERSION_ASSESSMENT,17,privilege_conversion,test,SCHEMA,SCHEMA.M17.PRIVILEGE_CONVERSION.TEST,source_field,53,53,,
CAP.PRIVILEGE_CONVERSION_ASSESSMENT,17,self_reversal,@block,SCHEMA,SRCFRAG.M17.SELF_REVERSAL,source_fragment,144,151,,
CAP.PRIVILEGE_CONVERSION_ASSESSMENT,17,self_reversal,ask,SCHEMA,SCHEMA.M17.SELF_REVERSAL.ASK,unknown_ask_role,145,149,unordered_probe,high
CAP.PRIVILEGE_CONVERSION_ASSESSMENT,17,self_reversal,rule,RULE,RULE.M17.SELF_REVERSAL.RULE,unresolved_rule,150,150,atomic_rule,high
CAP.FICTION_MECHANISM_TRANSFORMATION,10,concept_creation_gate,@block,SCHEMA,SRCFRAG.M10.CONCEPT_CREATION_GATE,source_fragment,96,99,,
CAP.FICTION_MECHANISM_TRANSFORMATION,10,concept_creation_gate,require,SCHEMA,SCHEMA.M10.CONCEPT_CREATION_GATE.REQUIRE,unknown_require_role,97,97,criteria,high
CAP.FICTION_MECHANISM_TRANSFORMATION,10,concept_creation_gate,public_rule,RULE,RULE.M10.CONCEPT_CREATION_GATE.PUBLIC_RULE,unresolved_rule,98,98,atomic_rule,high
CAP.FICTION_MECHANISM_TRANSFORMATION,18,pre_generation_gate,@block,SCHEMA,SRCFRAG.M18.PRE_GENERATION_GATE,source_fragment,14,23,,
CAP.FICTION_MECHANISM_TRANSFORMATION,18,pre_generation_gate,ask,SCHEMA,SCHEMA.M18.PRE_GENERATION_GATE.ASK,unknown_ask_role,15,21,unordered_probe,high
CAP.FICTION_MECHANISM_TRANSFORMATION,18,pre_generation_gate,rule,RULE,RULE.M18.PRE_GENERATION_GATE.RULE,unresolved_rule,22,22,compound_unresolved,unresolved
CAP.FICTION_MECHANISM_TRANSFORMATION,18,form_transformation,@block,SCHEMA,SRCFRAG.M18.FORM_TRANSFORMATION,source_fragment,54,74,,
CAP.FICTION_MECHANISM_TRANSFORMATION,18,form_transformation,vary_any,SCHEMA,SCHEMA.M18.FORM_TRANSFORMATION.VARY_ANY,source_field,55,66,,
CAP.FICTION_MECHANISM_TRANSFORMATION,18,form_transformation,require,SCHEMA,SCHEMA.M18.FORM_TRANSFORMATION.REQUIRE,unknown_require_role,67,72,criteria,high
CAP.FICTION_MECHANISM_TRANSFORMATION,18,form_transformation,rule,RULE,RULE.M18.FORM_TRANSFORMATION.RULE,unresolved_rule,73,73,literal_implication,high
CAP.FICTION_MECHANISM_TRANSFORMATION,18,idea_costume_test,@block,SCHEMA,SRCFRAG.M18.IDEA_COSTUME_TEST,source_fragment,76,85,,
CAP.FICTION_MECHANISM_TRANSFORMATION,18,idea_costume_test,ask,SCHEMA,SCHEMA.M18.IDEA_COSTUME_TEST.ASK,unknown_ask_role,77,83,unordered_probe,high
CAP.FICTION_MECHANISM_TRANSFORMATION,18,idea_costume_test,rule,RULE,RULE.M18.IDEA_COSTUME_TEST.RULE,unresolved_rule,84,84,compound_unresolved,unresolved
CAP.FICTION_MECHANISM_TRANSFORMATION,18,draft_audit,@block,SCHEMA,SRCFRAG.M18.DRAFT_AUDIT,source_fragment,106,120,,
CAP.FICTION_MECHANISM_TRANSFORMATION,18,draft_audit,ask,SCHEMA,SCHEMA.M18.DRAFT_AUDIT.ASK,unknown_ask_role,107,118,unordered_probe,high
CAP.FICTION_MECHANISM_TRANSFORMATION,18,draft_audit,rule,RULE,RULE.M18.DRAFT_AUDIT.RULE,unresolved_rule,119,119,literal_implication,high
CAP.FICTION_MECHANISM_TRANSFORMATION,18,gravity_test,@block,SCHEMA,SRCFRAG.M18.GRAVITY_TEST,source_fragment,156,171,,
CAP.FICTION_MECHANISM_TRANSFORMATION,18,gravity_test,ask,SCHEMA,SCHEMA.M18.GRAVITY_TEST.ASK,unknown_ask_role,157,163,unordered_probe,high
CAP.FICTION_MECHANISM_TRANSFORMATION,18,gravity_test,fail,SCHEMA,SCHEMA.M18.GRAVITY_TEST.FAIL,source_field,164,169,,
CAP.FICTION_MECHANISM_TRANSFORMATION,18,gravity_test,fence,RULE,RULE.M18.GRAVITY_TEST.FENCE,unresolved_rule,170,170,atomic_rule,high
CAP.FICTION_MECHANISM_TRANSFORMATION,18,pre_delivery_non_regression,@block,SCHEMA,SRCFRAG.M18.PRE_DELIVERY_NON_REGRESSION,source_fragment,173,182,,
CAP.FICTION_MECHANISM_TRANSFORMATION,18,pre_delivery_non_regression,require,SCHEMA,SCHEMA.M18.PRE_DELIVERY_NON_REGRESSION.REQUIRE,unknown_require_role,174,180,criteria,high
CAP.FICTION_MECHANISM_TRANSFORMATION,18,pre_delivery_non_regression,rule,RULE,RULE.M18.PRE_DELIVERY_NON_REGRESSION.RULE,unresolved_rule,181,181,compound_unresolved,unresolved
CAP.VISUAL_SCENE_COMPILATION,9,pipeline,@block,SCHEMA,SRCFRAG.M09.PIPELINE,source_fragment,5,7,,
CAP.VISUAL_SCENE_COMPILATION,9,pipeline,run,PROCEDURE,PROC.M09.PIPELINE.RUN,run_sequence,6,6,ordered_procedure,high
CAP.VISUAL_SCENE_COMPILATION,9,medium_test,@block,SCHEMA,SRCFRAG.M09.MEDIUM_TEST,source_fragment,21,28,,
CAP.VISUAL_SCENE_COMPILATION,9,medium_test,route,SCHEMA,SCHEMA.M09.MEDIUM_TEST.ROUTE,source_field,22,27,,
CAP.VISUAL_SCENE_COMPILATION,9,visual_ir,@block,SCHEMA,SRCFRAG.M09.VISUAL_IR,source_fragment,30,37,,
CAP.VISUAL_SCENE_COMPILATION,9,visual_ir,fields,SCHEMA,SCHEMA.M09.VISUAL_IR.FIELDS,declared_structure,31,36,,
CAP.VISUAL_SCENE_COMPILATION,9,prompt_hypotheses,@block,SCHEMA,SRCFRAG.M09.PROMPT_HYPOTHESES,source_fragment,44,47,,
CAP.VISUAL_SCENE_COMPILATION,9,prompt_hypotheses,require,SCHEMA,SCHEMA.M09.PROMPT_HYPOTHESES.REQUIRE,unknown_require_role,45,45,obligation,medium
CAP.VISUAL_SCENE_COMPILATION,9,prompt_hypotheses,types,SCHEMA,SCHEMA.M09.PROMPT_HYPOTHESES.TYPES,declared_structure,46,46,,
CAP.CHANGE_VALIDATION,12,change_status,@block,SCHEMA,SRCFRAG.M12.CHANGE_STATUS,source_fragment,16,34,,
CAP.CHANGE_VALIDATION,12,change_status,levels,SCHEMA,SCHEMA.M12.CHANGE_STATUS.LEVELS,declared_structure,17,26,,
CAP.CHANGE_VALIDATION,12,change_status,rules[0],RULE,RULE.M12.CHANGE_STATUS.RULES_01,unresolved_rule,27,33,atomic_rule,high
CAP.CHANGE_VALIDATION,12,change_status,rules[1],RULE,RULE.M12.CHANGE_STATUS.RULES_02,unresolved_rule,27,33,atomic_rule,high
CAP.CHANGE_VALIDATION,12,change_status,rules[2],RULE,RULE.M12.CHANGE_STATUS.RULES_03,unresolved_rule,27,33,atomic_rule,high
CAP.CHANGE_VALIDATION,12,change_status,rules[3],RULE,RULE.M12.CHANGE_STATUS.RULES_04,unresolved_rule,27,33,atomic_rule,high
CAP.CHANGE_VALIDATION,12,change_status,rules[4],RULE,RULE.M12.CHANGE_STATUS.RULES_05,unresolved_rule,27,33,atomic_rule,high
CAP.CHANGE_VALIDATION,12,self_modification_guard,@block,SCHEMA,SRCFRAG.M12.SELF_MODIFICATION_GUARD,source_fragment,67,77,,
CAP.CHANGE_VALIDATION,12,self_modification_guard,ask,SCHEMA,SCHEMA.M12.SELF_MODIFICATION_GUARD.ASK,unknown_ask_role,68,75,unordered_probe,high
CAP.CHANGE_VALIDATION,12,self_modification_guard,rule,RULE,RULE.M12.SELF_MODIFICATION_GUARD.RULE,unresolved_rule,76,76,literal_implication,high
CAP.CHANGE_VALIDATION,12,change_protocol,@block,SCHEMA,SRCFRAG.M12.CHANGE_PROTOCOL,source_fragment,79,96,,
CAP.CHANGE_VALIDATION,12,change_protocol,run,PROCEDURE,PROC.M12.CHANGE_PROTOCOL.RUN,run_sequence,80,94,ordered_procedure,high
CAP.CHANGE_VALIDATION,12,change_protocol,rule,RULE,RULE.M12.CHANGE_PROTOCOL.RULE,unresolved_rule,95,95,atomic_rule,high
CAP.CHANGE_VALIDATION,13,static_checks,@block,SCHEMA,SRCFRAG.M13.STATIC_CHECKS,source_fragment,31,37,,
CAP.CHANGE_VALIDATION,13,verdict,@block,SCHEMA,SRCFRAG.M13.VERDICT,source_fragment,39,43,,
CAP.CHANGE_VALIDATION,13,verdict,status,SCHEMA,SCHEMA.M13.VERDICT.STATUS,source_field,40,40,,
CAP.CHANGE_VALIDATION,13,verdict,not_established,SCHEMA,SCHEMA.M13.VERDICT.NOT_ESTABLISHED,source_field,41,41,,
CAP.CHANGE_VALIDATION,13,verdict,condition_activation,SCHEMA,SCHEMA.M13.VERDICT.CONDITION_ACTIVATION,source_field,42,42,,
