object_id,source_kind,source_locator,motivation,status,date
CAP.CAUSAL_IDENTIFICATION,observed_architecture_gap,research/state/current_state.md::Discipline épistémique; Blocages,No positive identification procedure joins correlation-causality separation to a bounded causal verdict,design_candidate_unvalidated,2026-08-17
CAP.RIVAL_MODEL_DISCRIMINATION,observed_research_gap,research/state/current_state.md::Tests discriminants prioritaires[3]; Blocages,The active temporal test still lacks a matched standard degree-based rival,design_candidate_unvalidated,2026-08-17
CAP.CONSTRUCT_VALIDITY_ASSESSMENT,observed_attribution_gap,research/state/current_state.md::Hypothèses actives; Résultats encore spéculatifs,Operational scores can be promoted to temporal or objectal constructs without an explicit validity bridge,design_candidate_unvalidated,2026-08-17
CAP.TRANSPORTABILITY_ASSESSMENT,observed_research_gap,research/state/current_state.md::Blocages; Prochaine action,Simulation and local protocol support do not establish transfer to a material network or other domains,design_candidate_unvalidated,2026-08-17
CAP.SCALE_TRANSITION_ASSESSMENT,observed_research_gap,research/state/current_state.md::Question centrale; Hypothèses affaiblies,Micro-to-macro claims need an information ledger that separates derived injected and aggregation-dependent structure,design_candidate_unvalidated,2026-08-17
CAP.EVIDENCE_DEPENDENCE_AUDIT,observed_synthesis_risk,research/state/current_state.md::Observations établies,Repeated runs and artifacts can share generators data assumptions and failure modes,design_candidate_unvalidated,2026-08-17
CAP.STRATEGIC_ADAPTATION_ASSESSMENT,anticipatory_design_risk,skills/strategic-adaptation-assessment/references/capability.md,Consequential metrics can change actor behavior and cease to measure the original relation,design_candidate_unvalidated,2026-08-17
CAP.VALUE_OF_INFORMATION,observed_research_need,research/state/current_state.md::Tests discriminants prioritaires; Prochaine action,The research program needs to prioritize tests by possible decision change rather than result volume,design_candidate_unvalidated,2026-08-17
CAP.CAPABILITY_INTERFERENCE_AUDIT,anticipatory_architecture_risk,skills/change-validation/references/capability.md::change_protocol,Capability growth can create routing inflation semantic shadowing order effects and conclusion drift,design_candidate_unvalidated,2026-08-17
