critical_ratio,resonance_ratio,second_moment,thermal_speed_sq,slope_ratio
0.05,0.05,0.165934415448286,0.11062294363219066,738.9497840928295
0.05,0.10625,0.165934415448286,0.11062294363219066,60.57302449707689
0.05,0.16249999999999998,0.165934415448286,0.11062294363219066,9.553678457537163
0.05,0.21875,0.165934415448286,0.11062294363219066,2.7134342247039775
0.05,0.27499999999999997,0.165934415448286,0.11062294363219066,1.1239261535215748
0.05,0.33125,0.165934415448286,0.11062294363219066,0.6063510241971634
0.05,0.38749999999999996,0.165934415448286,0.11062294363219066,0.39993177656734885
0.05,0.4437499999999999,0.165934415448286,0.11062294363219066,0.3103426009397075
0.05,0.49999999999999994,0.165934415448286,0.11062294363219066,0.27635461181314946
0.05,0.55625,0.165934415448286,0.11062294363219066,0.2776244851642451
0.05,0.6125,0.165934415448286,0.11062294363219066,0.31083708231870427
0.05,0.66875,0.165934415448286,0.11062294363219066,0.3844098411077803
0.05,0.725,0.165934415448286,0.11062294363219066,0.5215378744104486
0.05,0.78125,0.165934415448286,0.11062294363219066,0.7721662996992614
0.05,0.8374999999999999,0.165934415448286,0.11062294363219066,1.2423708747247184
0.05,0.8937499999999999,0.165934415448286,0.11062294363219066,2.1649250923989207
0.05,0.95,0.165934415448286,0.11062294363219066,4.074639673301981
0.10625,0.05,0.21742644465818053,0.1449509631054537,68.75976816142744
0.10625,0.10625,0.21742644465818053,0.1449509631054537,47.323039619812306
0.10625,0.16249999999999998,0.21742644465818053,0.1449509631054537,15.335700369563906
0.10625,0.21875,0.21742644465818053,0.1449509631054537,5.300956150057258
0.10625,0.27499999999999997,0.21742644465818053,0.1449509631054537,2.2707494187080135
0.10625,0.33125,0.21742644465818053,0.1449509631054537,1.187764078010515
0.10625,0.38749999999999996,0.21742644465818053,0.1449509631054537,0.7341113718666441
0.10625,0.4437499999999999,0.21742644465818053,0.1449509631054537,0.5216791331813441
0.10625,0.49999999999999994,0.21742644465818053,0.1449509631054537,0.41768176325187983
0.10625,0.55625,0.21742644465818053,0.1449509631054537,0.3712114942426493
0.10625,0.6125,0.21742644465818053,0.1449509631054537,0.3621799758991927
0.10625,0.66875,0.21742644465818053,0.1449509631054537,0.38469359596575287
0.10625,0.725,0.21742644465818053,0.1449509631054537,0.4419610943867342
0.10625,0.78125,0.21742644465818053,0.1449509631054537,0.5464176132510272
0.10625,0.8374999999999999,0.21742644465818053,0.1449509631054537,0.724059817661591
0.10625,0.8937499999999999,0.21742644465818053,0.1449509631054537,1.0249559090121627
0.10625,0.95,0.21742644465818053,0.1449509631054537,1.5457687049066648
0.16249999999999998,0.05,0.259749691517415,0.17316646101161,11.863967947288279
0.16249999999999998,0.10625,0.259749691517415,0.17316646101161,17.158223564752845
0.16249999999999998,0.16249999999999998,0.259749691517415,0.17316646101161,11.72061103478087
0.16249999999999998,0.21875,0.259749691517415,0.17316646101161,6.0384020595120385
0.16249999999999998,0.27499999999999997,0.259749691517415,0.17316646101161,3.0840407279652378
0.16249999999999998,0.33125,0.259749691517415,0.17316646101161,1.72398536605471
0.16249999999999998,0.38749999999999996,0.259749691517415,0.17316646101161,1.0776420302999958
0.16249999999999998,0.4437499999999999,0.259749691517415,0.17316646101161,0.7508829121132927
0.16249999999999998,0.49999999999999994,0.259749691517415,0.17316646101161,0.5779289703947645
0.16249999999999998,0.55625,0.259749691517415,0.17316646101161,0.48675378914733614
0.16249999999999998,0.6125,0.259749691517415,0.17316646101161,0.44496607101115965
0.16249999999999998,0.66875,0.259749691517415,0.17316646101161,0.4385156626124402
0.16249999999999998,0.725,0.259749691517415,0.17316646101161,0.463320639466537
0.16249999999999998,0.78125,0.259749691517415,0.17316646101161,0.5224644613692137
0.16249999999999998,0.8374999999999999,0.259749691517415,0.17316646101161,0.6264752670625953
0.16249999999999998,0.8937499999999999,0.259749691517415,0.17316646101161,0.7963364876162615
0.16249999999999998,0.95,0.259749691517415,0.17316646101161,1.070361417521612
0.21875,0.05,0.29710441985035135,0.19806961323356756,3.4381004022989248
0.21875,0.10625,0.29710441985035135,0.19806961323356756,6.295500087825455
0.21875,0.16249999999999998,0.29710441985035135,0.19806961323356756,6.494292949192597
0.21875,0.21875,0.29710441985035135,0.19806961323356756,4.841579287513985
0.21875,0.27499999999999997,0.29710441985035135,0.19806961323356756,3.1399067687182636
0.21875,0.33125,0.29710441985035135,0.19806961323356756,2.0037920674753975
0.21875,0.38749999999999996,0.29710441985035135,0.19806961323356756,1.3367677203836743
0.21875,0.4437499999999999,0.29710441985035135,0.19806961323356756,0.9542458207284465
0.21875,0.49999999999999994,0.29710441985035135,0.19806961323356756,0.7333727850298346
0.21875,0.55625,0.29710441985035135,0.19806961323356756,0.6062705681111353
0.21875,0.6125,0.29710441985035135,0.19806961323356756,0.5373087399538612
0.21875,0.66875,0.29710441985035135,0.19806961323356756,0.5084784369032502
0.21875,0.725,0.29710441985035135,0.19806961323356756,0.5118510260111737
0.21875,0.78125,0.29710441985035135,0.19806961323356756,0.5461773878795368
0.21875,0.8374999999999999,0.29710441985035135,0.19806961323356756,0.6159269413360948
0.21875,0.8937499999999999,0.29710441985035135,0.19806961323356756,0.7321439607228305
0.21875,0.95,0.29710441985035135,0.19806961323356756,0.9152962226879937
0.27499999999999997,0.05,0.33073608409273175,0.22049072272848783,1.3506786433243723
0.27499999999999997,0.10625,0.33073608409273175,0.22049072272848783,2.702234174723479
0.27499999999999997,0.16249999999999998,0.33073608409273175,0.22049072272848783,3.4024815940951805
0.27499999999999997,0.21875,0.33073608409273175,0.22049072272848783,3.250563834220927
0.27499999999999997,0.27499999999999997,0.33073608409273175,0.22049072272848783,2.618738091557169
0.27499999999999997,0.33125,0.33073608409273175,0.22049072272848783,1.9507521824222838
0.27499999999999997,0.38749999999999996,0.33073608409273175,0.22049072272848783,1.4349226223870992
0.27499999999999997,0.4437499999999999,0.33073608409273175,0.22049072272848783,1.0828786791829454
0.27499999999999997,0.49999999999999994,0.33073608409273175,0.22049072272848783,0.8545760491833037
0.27499999999999997,0.55625,0.33073608409273175,0.22049072272848783,0.7110021488438986
0.27499999999999997,0.6125,0.33073608409273175,0.22049072272848783,0.6251827147449444
0.27499999999999997,0.66875,0.33073608409273175,0.22049072272848783,0.5808171794279763
0.27499999999999997,0.725,0.33073608409273175,0.22049072272848783,0.5692776233916372
0.27499999999999997,0.78125,0.33073608409273175,0.22049072272848783,0.5875184881534276
0.27499999999999997,0.8374999999999999,0.33073608409273175,0.22049072272848783,0.6371715791637338
0.27499999999999997,0.8937499999999999,0.33073608409273175,0.22049072272848783,0.7247538076370529
0.27499999999999997,0.95,0.33073608409273175,0.22049072272848783,0.8630837003212514
0.33125,0.05,0.36116433300121203,0.24077622200080803,0.643033426177463
0.33125,0.10625,0.36116433300121203,0.24077622200080803,1.3372930754792745
0.33125,0.16249999999999998,0.36116433300121203,0.24077622200080803,1.8590507087927666
0.33125,0.21875,0.36116433300121203,0.24077622200080803,2.061440777228518
0.33125,0.27499999999999997,0.36116433300121203,0.24077622200080803,1.9519688183556883
0.33125,0.33125,0.36116433300121203,0.24077622200080803,1.6739746174445176
0.33125,0.38749999999999996,0.36116433300121203,0.24077622200080803,1.369689377192719
0.33125,0.4437499999999999,0.36116433300121203,0.24077622200080803,1.111875922518023
0.33125,0.49999999999999994,0.36116433300121203,0.24077622200080803,0.9184422485390473
0.33125,0.55625,0.36116433300121203,0.24077622200080803,0.7834310464077388
0.33125,0.6125,0.36116433300121203,0.24077622200080803,0.6954547845010052
0.33125,0.66875,0.36116433300121203,0.24077622200080803,0.6447729803652219
0.33125,0.725,0.36116433300121203,0.24077622200080803,0.6250811063760996
0.33125,0.78125,0.36116433300121203,0.24077622200080803,0.6336108591846409
0.33125,0.8374999999999999,0.36116433300121203,0.24077622200080803,0.6710363728457759
0.33125,0.8937499999999999,0.36116433300121203,0.24077622200080803,0.7417469321686717
0.33125,0.95,0.36116433300121203,0.24077622200080803,0.854778582647677
0.38749999999999996,0.05,0.3886655273416424,0.2591103515610949,0.3488240896950585
0.38749999999999996,0.10625,0.3886655273416424,0.2591103515610949,0.7393282539667617
0.38749999999999996,0.16249999999999998,0.3886655273416424,0.2591103515610949,1.082976512020616
0.38749999999999996,0.21875,0.3886655273416424,0.2591103515610949,1.3115125186465235
0.38749999999999996,0.27499999999999997,0.3886655273416424,0.2591103515610949,1.3866511006034792
0.38749999999999996,0.33125,0.3886655273416424,0.2591103515610949,1.329985323550209
0.38749999999999996,0.38749999999999996,0.3886655273416424,0.2591103515610949,1.2000479345165787
0.38749999999999996,0.4437499999999999,0.3886655273416424,0.2591103515610949,1.051974767223879
0.38749999999999996,0.49999999999999994,0.3886655273416424,0.2591103515610949,0.9186554936985946
0.38749999999999996,0.55625,0.3886655273416424,0.2591103515610949,0.8132834220702966
0.38749999999999996,0.6125,0.3886655273416424,0.2591103515610949,0.7381670600517095
0.38749999999999996,0.66875,0.3886655273416424,0.2591103515610949,0.6915300212257484
0.38749999999999996,0.725,0.3886655273416424,0.2591103515610949,0.6711617137925668
0.38749999999999996,0.78125,0.3886655273416424,0.2591103515610949,0.6760758382999253
0.38749999999999996,0.8374999999999999,0.3886655273416424,0.2591103515610949,0.7073043731962045
0.38749999999999996,0.8937499999999999,0.3886655273416424,0.2591103515610949,0.7685195128966026
0.38749999999999996,0.95,0.3886655273416424,0.2591103515610949,0.8668996860101825
0.4437499999999999,0.05,0.4134291345200043,0.2756194230133362,0.20783702070804222
0.4437499999999999,0.10625,0.4134291345200043,0.2756194230133362,0.4449697893999977
0.4437499999999999,0.16249999999999998,0.4134291345200043,0.2756194230133362,0.6712392760562248
0.4437499999999999,0.21875,0.4134291345200043,0.2756194230133362,0.8572909438408364
0.4437499999999999,0.27499999999999997,0.4134291345200043,0.2756194230133362,0.9752297844095015
0.4437499999999999,0.33125,0.4134291345200043,0.2756194230133362,1.0162607512131867
0.4437499999999999,0.38749999999999996,0.4134291345200043,0.2756194230133362,0.9945761899827046
0.4437499999999999,0.4437499999999999,0.4134291345200043,0.2756194230133362,0.936293138727543
0.4437499999999999,0.49999999999999994,0.4134291345200043,0.2756194230133362,0.866067245076265
0.4437499999999999,0.55625,0.4134291345200043,0.2756194230133362,0.800666674970094
0.4437499999999999,0.6125,0.4134291345200043,0.2756194230133362,0.7491336646027806
0.4437499999999999,0.66875,0.4134291345200043,0.2756194230133362,0.7155319647304
0.4437499999999999,0.725,0.4134291345200043,0.2756194230133362,0.701632895400475
0.4437499999999999,0.78125,0.4134291345200043,0.2756194230133362,0.708785903619988
0.4437499999999999,0.8374999999999999,0.4134291345200043,0.2756194230133362,0.7391246300149319
0.4437499999999999,0.8937499999999999,0.4134291345200043,0.2756194230133362,0.7964669494349792
0.4437499999999999,0.95,0.4134291345200043,0.2756194230133362,0.8872428656078599
0.49999999999999994,0.05,0.43561854549072565,0.2904123636604838,0.1328651828822027
0.49999999999999994,0.10625,0.43561854549072565,0.2904123636604838,0.2860795500920139
0.49999999999999994,0.16249999999999998,0.43561854549072565,0.2904123636604838,0.4391333470471931
0.49999999999999994,0.21875,0.43561854549072565,0.2904123636604838,0.5797324126718557
0.49999999999999994,0.27499999999999997,0.43561854549072565,0.2904123636604838,0.6923404943204892
0.49999999999999994,0.33125,0.43561854549072565,0.2904123636604838,0.7657990873034913
0.49999999999999994,0.38749999999999996,0.43561854549072565,0.2904123636604838,0.7987848791038427
0.49999999999999994,0.4437499999999999,0.43561854549072565,0.2904123636604838,0.7994157381627355
0.49999999999999994,0.49999999999999994,0.43561854549072565,0.2904123636604838,0.7804425478083781
0.49999999999999994,0.55625,0.43561854549072565,0.2904123636604838,0.7542790577521303
0.49999999999999994,0.6125,0.43561854549072565,0.2904123636604838,0.7304570739039671
0.49999999999999994,0.66875,0.43561854549072565,0.2904123636604838,0.7154085744472933
0.49999999999999994,0.725,0.43561854549072565,0.2904123636604838,0.7134025909844364
0.49999999999999994,0.78125,0.43561854549072565,0.2904123636604838,0.7277251675314049
0.49999999999999994,0.8374999999999999,0.43561854549072565,0.2904123636604838,0.7617376650520807
0.49999999999999994,0.8937499999999999,0.43561854549072565,0.2904123636604838,0.8198035425309779
0.49999999999999994,0.95,0.43561854549072565,0.2904123636604838,0.9082283201855493
0.55625,0.05,0.45539588534755043,0.303597256898367,0.08970652734522092
0.55625,0.10625,0.45539588534755043,0.303597256898367,0.19380010504390777
0.55625,0.16249999999999998,0.45539588534755043,0.303597256898367,0.3007087257087183
0.55625,0.21875,0.45539588534755043,0.303597256898367,0.4055327386784755
0.55625,0.27499999999999997,0.45539588534755043,0.303597256898367,0.5004261180013457
0.55625,0.33125,0.45539588534755043,0.303597256898367,0.5775752569806593
0.55625,0.38749999999999996,0.45539588534755043,0.303597256898367,0.6324425370945563
0.55625,0.4437499999999999,0.45539588534755043,0.303597256898367,0.665430961065589
0.55625,0.49999999999999994,0.45539588534755043,0.303597256898367,0.6812135391738635
0.55625,0.55625,0.45539588534755043,0.303597256898367,0.6866474856730196
0.55625,0.6125,0.45539588534755043,0.303597256898367,0.6887620578365058
0.55625,0.66875,0.45539588534755043,0.303597256898367,0.6936617803577421
0.55625,0.725,0.45539588534755043,0.303597256898367,0.7063542116869578
0.55625,0.78125,0.45539588534755043,0.303597256898367,0.7311439880558026
0.55625,0.8374999999999999,0.45539588534755043,0.303597256898367,0.7722737580984517
0.55625,0.8937499999999999,0.45539588534755043,0.303597256898367,0.8346656216733095
0.55625,0.95,0.45539588534755043,0.303597256898367,0.9247682016488601
0.6125,0.05,0.47293081370778306,0.31528720913852204,0.0632625479183531
0.6125,0.10625,0.47293081370778306,0.31528720913852204,0.13695008991938934
0.6125,0.16249999999999998,0.47293081370778306,0.31528720913852204,0.21397430970010153
0.6125,0.21875,0.47293081370778306,0.31528720913852204,0.29266719448451173
0.6125,0.27499999999999997,0.47293081370778306,0.31528720913852204,0.36936160138223567
0.6125,0.33125,0.47293081370778306,0.31528720913852204,0.4394944164848468
0.6125,0.38749999999999996,0.47293081370778306,0.31528720913852204,0.4991794360241804
0.6125,0.4437499999999999,0.47293081370778306,0.31528720913852204,0.5465798975315871
0.6125,0.49999999999999994,0.47293081370778306,0.31528720913852204,0.5824384650318265
0.6125,0.55625,0.47293081370778306,0.31528720913852204,0.6096656791534488
0.6125,0.6125,0.47293081370778306,0.31528720913852204,0.6324307892735194
0.6125,0.66875,0.47293081370778306,0.31528720913852204,0.6553144599533289
0.6125,0.725,0.47293081370778306,0.31528720913852204,0.6828422635355152
0.6125,0.78125,0.47293081370778306,0.31528720913852204,0.7194366501625392
0.6125,0.8374999999999999,0.47293081370778306,0.31528720913852204,0.7696888367844859
0.6125,0.8937499999999999,0.47293081370778306,0.31528720913852204,0.8388544497115439
0.6125,0.95,0.47293081370778306,0.31528720913852204,0.9335439301336222
0.66875,0.05,0.48840148812688666,0.3256009920845911,0.046224206571258274
0.66875,0.10625,0.48840148812688666,0.3256009920845911,0.10019312569148016
0.66875,0.16249999999999998,0.48840148812688666,0.3256009920845911,0.15726395507130936
0.66875,0.21875,0.48840148812688666,0.3256009920845911,0.2171809916032931
0.66875,0.27499999999999997,0.48840148812688666,0.3256009920845911,0.2784457362182112
0.66875,0.33125,0.48840148812688666,0.3256009920845911,0.3387033192824399
0.66875,0.38749999999999996,0.48840148812688666,0.3256009920845911,0.3954352408980113
0.66875,0.4437499999999999,0.48840148812688666,0.3256009920845911,0.4467669424118534
0.66875,0.49999999999999994,0.48840148812688666,0.3256009920845911,0.49207967545550607
0.66875,0.55625,0.48840148812688666,0.3256009920845911,0.5322117784314808
0.66875,0.6125,0.48840148812688666,0.3256009920845911,0.56926954823313
0.66875,0.66875,0.48840148812688666,0.3256009920845911,0.6062521071326219
0.66875,0.725,0.48840148812688666,0.3256009920845911,0.6467205437450869
0.66875,0.78125,0.48840148812688666,0.3256009920845911,0.6946539744998581
0.66875,0.8374999999999999,0.48840148812688666,0.3256009920845911,0.75453657286872
0.66875,0.8937499999999999,0.48840148812688666,0.3256009920845911,0.831670969811349
0.66875,0.95,0.48840148812688666,0.3256009920845911,0.9327193961082347
0.725,0.05,0.5019916719993934,0.3346611146662623,0.0347821035120899
0.725,0.10625,0.5019916719993934,0.3346611146662623,0.07545285880364715
0.725,0.16249999999999998,0.5019916719993934,0.3346611146662623,0.11880144409551914
0.725,0.21875,0.5019916719993934,0.3346611146662623,0.16517159228441264
0.725,0.27499999999999997,0.5019916719993934,0.3346611146662623,0.21416318044175722
0.725,0.33125,0.5019916719993934,0.3346611146662623,0.2647567553838494
0.725,0.38749999999999996,0.5019916719993934,0.3346611146662623,0.3155989050982374
0.725,0.4437499999999999,0.5019916719993934,0.3346611146662623,0.3654166293490663
0.725,0.49999999999999994,0.5019916719993934,0.3346611146662623,0.4134451312083145
0.725,0.55625,0.5019916719993934,0.3346611146662623,0.4597347576608492
0.725,0.6125,0.5019916719993934,0.3346611146662623,0.5052669376198281
0.725,0.66875,0.5019916719993934,0.3346611146662623,0.5519086555206357
0.725,0.725,0.5019916719993934,0.3346611146662623,0.6023036040434733
0.725,0.78125,0.5019916719993934,0.3346611146662623,0.6598079907680913
0.725,0.8374999999999999,0.5019916719993934,0.3346611146662623,0.7285504346544001
0.725,0.8937499999999999,0.5019916719993934,0.3346611146662623,0.813664706746469
0.725,0.95,0.5019916719993934,0.3346611146662623,0.921734801328592
0.78125,0.05,0.5138862271189066,0.3425908180792711,0.026827121581074267
0.78125,0.10625,0.5138862271189066,0.3425908180792711,0.05822643698769126
0.78125,0.16249999999999998,0.5138862271189066,0.3425908180792711,0.09187748744646365
0.78125,0.21875,0.5138862271189066,0.3425908180792711,0.12835415583931525
0.78125,0.27499999999999997,0.5138862271189066,0.3425908180792711,0.16779667204096801
0.78125,0.33125,0.5138862271189066,0.3425908180792711,0.2099472039477476
0.78125,0.38749999999999996,0.5138862271189066,0.3425908180792711,0.2542609269973311
0.78125,0.4437499999999999,0.5138862271189066,0.3425908180792711,0.3001034487660154
0.78125,0.49999999999999994,0.5138862271189066,0.3425908180792711,0.3470035940433153
0.78125,0.55625,0.5138862271189066,0.3425908180792711,0.3949017441162452
0.78125,0.6125,0.5138862271189066,0.3425908180792711,0.44433799973586224
0.78125,0.66875,0.5138862271189066,0.3425908180792711,0.49655975843302513
0.78125,0.725,0.5138862271189066,0.3425908180792711,0.5535726441621679
0.78125,0.78125,0.5138862271189066,0.3425908180792711,0.6181888817842285
0.78125,0.8374999999999999,0.5138862271189066,0.3425908180792711,0.6941360573251731
0.78125,0.8937499999999999,0.5138862271189066,0.3425908180792711,0.7862859586743037
0.78125,0.95,0.5138862271189066,0.3425908180792711,0.90106265284386
0.8374999999999999,0.05,0.5242663500562755,0.349510900037517,0.021131217764586298
0.8374999999999999,0.10625,0.5242663500562755,0.349510900037517,0.04587938715800372
0.8374999999999999,0.16249999999999998,0.5242663500562755,0.349510900037517,0.07250639340486915
0.8374999999999999,0.21875,0.5242663500562755,0.349510900037517,0.10164801558458339
0.8374999999999999,0.27499999999999997,0.5242663500562755,0.349510900037517,0.13369539330993924
0.8374999999999999,0.33125,0.5242663500562755,0.349510900037517,0.16880527080866
0.8374999999999999,0.38749999999999996,0.5242663500562755,0.349510900037517,0.20694235957926044
0.8374999999999999,0.4437499999999999,0.5242663500562755,0.349510900037517,0.24797065649564745
0.8374999999999999,0.49999999999999994,0.5242663500562755,0.349510900037517,0.29179281672355234
0.8374999999999999,0.55625,0.5242663500562755,0.349510900037517,0.3385184461932249
0.8374999999999999,0.6125,0.5242663500562755,0.349510900037517,0.38863360965509397
0.8374999999999999,0.66875,0.5242663500562755,0.349510900037517,0.44315086709501983
0.8374999999999999,0.725,0.5242663500562755,0.349510900037517,0.5037386024342545
0.8374999999999999,0.78125,0.5242663500562755,0.349510900037517,0.5728509456336408
0.8374999999999999,0.8374999999999999,0.5242663500562755,0.349510900037517,0.6538972918741335
0.8374999999999999,0.8937499999999999,0.5242663500562755,0.349510900037517,0.751502070524911
0.8374999999999999,0.95,0.5242663500562755,0.349510900037517,0.8719161695058296
0.8937499999999999,0.05,0.5333053603956923,0.3555369069304615,0.016948248822958225
0.8937499999999999,0.10625,0.5333053603956923,0.3555369069304615,0.03680558476523611
0.8937499999999999,0.16249999999999998,0.5333053603956923,0.3555369069304615,0.058231384415508375
0.8937499999999999,0.21875,0.5333053603956923,0.3555369069304615,0.08184832609437225
0.8937499999999999,0.27499999999999997,0.5333053603956923,0.3555369069304615,0.10814888108699447
0.8937499999999999,0.33125,0.5333053603956923,0.3555369069304615,0.13750207273709944
0.8937499999999999,0.38749999999999996,0.5333053603956923,0.3555369069304615,0.1701722766802364
0.8937499999999999,0.4437499999999999,0.5333053603956923,0.3555369069304615,0.20636367079637255
0.8937499999999999,0.49999999999999994,0.5333053603956923,0.3555369069304615,0.24629750879230786
0.8937499999999999,0.55625,0.5333053603956923,0.3555369069304615,0.2903206449031539
0.8937499999999999,0.6125,0.5333053603956923,0.3555369069304615,0.33903661917399924
0.8937499999999999,0.66875,0.5333053603956923,0.3555369069304615,0.39344941022675833
0.8937499999999999,0.725,0.5333053603956923,0.3555369069304615,0.4551164372307586
0.8937499999999999,0.78125,0.5333053603956923,0.3555369069304615,0.5263198025853754
0.8937499999999999,0.8374999999999999,0.5333053603956923,0.3555369069304615,0.6102796828989833
0.8937499999999999,0.8937499999999999,0.5333053603956923,0.3555369069304615,0.7114490810152061
0.8937499999999999,0.95,0.5333053603956923,0.3555369069304615,0.8359459504096962
0.95,0.05,0.5411654553225387,0.3607769702150258,0.01380801980723851
0.95,0.10625,0.5411654553225387,0.3607769702150258,0.029990431726856618
0.95,0.16249999999999998,0.5411654553225387,0.3607769702150258,0.04748788733934446
0.95,0.21875,0.5411654553225387,0.3607769702150258,0.06687887484012135
0.95,0.27499999999999997,0.5411654553225387,0.3607769702150258,0.088680755565752
0.95,0.33125,0.5411654553225387,0.3607769702150258,0.1133593711664879
0.95,0.38749999999999996,0.5411654553225387,0.3607769702150258,0.14134231473935915
0.95,0.4437499999999999,0.5411654553225387,0.3607769702150258,0.17304535427437892
0.95,0.49999999999999994,0.5411654553225387,0.3607769702150258,0.20891974849663306
0.95,0.55625,0.5411654553225387,0.3607769702150258,0.24952492756696446
0.95,0.6125,0.5411654553225387,0.3607769702150258,0.2956274254053356
0.95,0.66875,0.5411654553225387,0.3607769702150258,0.3483251579627992
0.95,0.725,0.5411654553225387,0.3607769702150258,0.4091980720471725
0.95,0.78125,0.5411654553225387,0.3607769702150258,0.4804926211119777
0.95,0.8374999999999999,0.5411654553225387,0.3607769702150258,0.5653580612828742
0.95,0.8937499999999999,0.5411654553225387,0.3607769702150258,0.6681666323880615
0.95,0.95,0.5411654553225387,0.3607769702150258,0.7949679082395527
